{
    "overall": {
        "nodes": {
            "seismic_activity": 0.3947589059150762,
            "radiation_readings": 0.41723349038292595,
            "population_density": 0.2126640540793671,
            "emergency_calls": 0.7542288434691823,
            "thermal_readings": 0.38711014655573633,
            "signal_strength": 0.6096281184987977,
            "structural_integrity": 0.6142449008131498
        },
        "edges": {
            "structural_damage": 0.4828630088944964,
            "signal_interference": 0.34705055694240483,
            "movement_sightings": 0.5047051676063224,
            "debris_density": 0.48083753324785616,
            "hazard_gradient": 0.21847094831009098
        }
    },
    "by_city_size": {
        "38": {
            "nodes": {
                "seismic_activity": 0.32920980404083877,
                "radiation_readings": 0.4249566809376114,
                "population_density": 0.266101071898709,
                "emergency_calls": 0.7465661615071443,
                "thermal_readings": 0.44394433707055386,
                "signal_strength": 0.6665509598009657,
                "structural_integrity": 0.6853153381768097
            },
            "edges": {
                "structural_damage": 0.38928036922959885,
                "signal_interference": 0.33918391301673445,
                "movement_sightings": 0.5550466725720009,
                "debris_density": 0.38571695973845854,
                "hazard_gradient": 0.23421966778316888
            }
        },
        "46": {
            "nodes": {
                "seismic_activity": 0.3316415291199921,
                "radiation_readings": 0.385577537757392,
                "population_density": 0.23441703746939502,
                "emergency_calls": 0.7197529993109265,
                "thermal_readings": 0.4318299384886234,
                "signal_strength": 0.6434599719409146,
                "structural_integrity": 0.6680995908435815
            },
            "edges": {
                "structural_damage": 0.4621648853913881,
                "signal_interference": 0.319801465912793,
                "movement_sightings": 0.5025487406641502,
                "debris_density": 0.47462120673005365,
                "hazard_gradient": 0.19739573582968606
            }
        },
        "42": {
            "nodes": {
                "seismic_activity": 0.39131884339571715,
                "radiation_readings": 0.3287466260439506,
                "population_density": 0.2204687693415798,
                "emergency_calls": 0.6731800848452743,
                "thermal_readings": 0.37802303994326636,
                "signal_strength": 0.6547558921888889,
                "structural_integrity": 0.625085470521447
            },
            "edges": {
                "structural_damage": 0.4621989021969968,
                "signal_interference": 0.2771860273142744,
                "movement_sightings": 0.5034298867175182,
                "debris_density": 0.45741219166835123,
                "hazard_gradient": 0.17683721308072595
            }
        },
        "50": {
            "nodes": {
                "seismic_activity": 0.42162809678920765,
                "radiation_readings": 0.42533782066861386,
                "population_density": 0.1952867696394736,
                "emergency_calls": 0.78197705545902,
                "thermal_readings": 0.3431203072514514,
                "signal_strength": 0.5846162547350717,
                "structural_integrity": 0.584548995037839
            },
            "edges": {
                "structural_damage": 0.5072214854277363,
                "signal_interference": 0.3612868134638631,
                "movement_sightings": 0.4950521087242835,
                "debris_density": 0.501235004464535,
                "hazard_gradient": 0.23367534391986441
            }
        },
        "41": {
            "nodes": {
                "seismic_activity": 0.336362238635786,
                "radiation_readings": 0.4434837010515093,
                "population_density": 0.16316871539458194,
                "emergency_calls": 0.7942733081653207,
                "thermal_readings": 0.3250543804833097,
                "signal_strength": 0.6375618821279694,
                "structural_integrity": 0.673278191816257
            },
            "edges": {
                "structural_damage": 0.4310139279677277,
                "signal_interference": 0.3533137587091333,
                "movement_sightings": 0.4987961647908298,
                "debris_density": 0.4382603705842766,
                "hazard_gradient": 0.22721629112718242
            }
        },
        "37": {
            "nodes": {
                "seismic_activity": 0.5399534343948696,
                "radiation_readings": 0.3985396921715174,
                "population_density": 0.19283722439090784,
                "emergency_calls": 0.7056086800303634,
                "thermal_readings": 0.3900498143336356,
                "signal_strength": 0.5286053101291759,
                "structural_integrity": 0.4843465848756335
            },
            "edges": {
                "structural_damage": 0.6029407368298532,
                "signal_interference": 0.37877767100311743,
                "movement_sightings": 0.43803388008568056,
                "debris_density": 0.5793187033244781,
                "hazard_gradient": 0.23938609951491943
            }
        },
        "36": {
            "nodes": {
                "seismic_activity": 0.4886879615583212,
                "radiation_readings": 0.49561889606056325,
                "population_density": 0.1720940644063748,
                "emergency_calls": 0.8236536219546702,
                "thermal_readings": 0.3124726546247534,
                "signal_strength": 0.5242786530747404,
                "structural_integrity": 0.5259201888444974
            },
            "edges": {
                "structural_damage": 0.5975051901225961,
                "signal_interference": 0.4201811776037312,
                "movement_sightings": 0.4649213912574689,
                "debris_density": 0.572579781878046,
                "hazard_gradient": 0.24044333620331057
            }
        },
        "27": {
            "nodes": {
                "seismic_activity": 0.4407833834602518,
                "radiation_readings": 0.4410127103292003,
                "population_density": 0.2846811353886721,
                "emergency_calls": 0.7832502159428567,
                "thermal_readings": 0.4897226743898364,
                "signal_strength": 0.5754304069213665,
                "structural_integrity": 0.5544768653555935
            },
            "edges": {
                "structural_damage": 0.48312577841995,
                "signal_interference": 0.3476595177784753,
                "movement_sightings": 0.587877925796312,
                "debris_density": 0.48634953677603254,
                "hazard_gradient": 0.21092376868518353
            }
        }
    },
    "correlations": {
        "nodes": {
            "seismic_activity": -0.36470505348415216,
            "radiation_readings": 0.15820642845091212,
            "population_density": 0.3215491065702334,
            "emergency_calls": 0.07229254622246793,
            "thermal_readings": 0.2893224136801441,
            "signal_strength": 0.3853603774380161,
            "structural_integrity": 0.3452945155997972
        },
        "edges": {
            "structural_damage": -0.5543026726875605,
            "signal_interference": -0.045980574975740846,
            "movement_sightings": 0.4357344145977774,
            "debris_density": -0.5677715633768655,
            "hazard_gradient": 0.14609789046705188
        }
    }
}