{
    "metadata": {
        "policy_name": "EvacuationPolicy",
        "experiment_id": "20250304_1609",
        "city_size": 47,
        "run_id": 28
    },
    "performance": {
        "success": false,
        "time_taken": 27.41612784359526,
        "path_length": 17.420136824306248
    },
    "resource_details": {
        "explosives": {
            "allocated": 0,
            "used": 0,
            "efficiency": 0
        },
        "ammo": {
            "allocated": 2,
            "used": 0,
            "efficiency": 0.0
        },
        "radiation_suits": {
            "allocated": 0,
            "used": 0,
            "efficiency": 0
        }
    },
    "proxy_metrics": {
        "nodes": {
            "seismic_activity": {
                "mean": 0.27795868887699726,
                "std": 0.21278712838409936
            },
            "radiation_readings": {
                "mean": 0.3838852260493075,
                "std": 0.31871654897408663
            },
            "population_density": {
                "mean": 0.31878731659142795,
                "std": 0.1694248882549699
            },
            "emergency_calls": {
                "mean": 0.7174766668324818,
                "std": 0.3122815320160525
            },
            "thermal_readings": {
                "mean": 0.47627540450203903,
                "std": 0.16515385534262386
            },
            "signal_strength": {
                "mean": 0.7136322494583158,
                "std": 0.19142324070255864
            },
            "structural_integrity": {
                "mean": 0.7183854103617079,
                "std": 0.19560560251297737
            }
        },
        "edges": {
            "structural_damage": {
                "mean": 0.4147230003567349,
                "std": 0.346394772642146
            },
            "signal_interference": {
                "mean": 0.2956530765355909,
                "std": 0.22092478206509766
            },
            "movement_sightings": {
                "mean": 0.551181670943694,
                "std": 0.22952985202368484
            },
            "debris_density": {
                "mean": 0.42551511789609897,
                "std": 0.29781347499407435
            },
            "hazard_gradient": {
                "mean": 0.19645679084878676,
                "std": 0.12385259583697404
            }
        }
    }
}