{
    "metadata": {
        "policy_name": "EvacuationPolicy",
        "experiment_id": "20250304_1609",
        "city_size": 49,
        "run_id": 78
    },
    "performance": {
        "success": false,
        "time_taken": 55.46015906400134,
        "path_length": 35.53569282481649
    },
    "resource_details": {
        "explosives": {
            "allocated": 0,
            "used": 0,
            "efficiency": 0
        },
        "ammo": {
            "allocated": 1,
            "used": 1,
            "efficiency": 1.0
        },
        "radiation_suits": {
            "allocated": 0,
            "used": 0,
            "efficiency": 0
        }
    },
    "proxy_metrics": {
        "nodes": {
            "seismic_activity": {
                "mean": 0.2774068335015686,
                "std": 0.20594299677929997
            },
            "radiation_readings": {
                "mean": 0.4452093537487096,
                "std": 0.28431123406671965
            },
            "population_density": {
                "mean": 0.24179896578150423,
                "std": 0.17252808309089926
            },
            "emergency_calls": {
                "mean": 0.788528879355967,
                "std": 0.26841146011916567
            },
            "thermal_readings": {
                "mean": 0.3826664882901658,
                "std": 0.18281805623683264
            },
            "signal_strength": {
                "mean": 0.6844617131677513,
                "std": 0.18980366605315058
            },
            "structural_integrity": {
                "mean": 0.7382271085934959,
                "std": 0.20106076955253288
            }
        },
        "edges": {
            "structural_damage": {
                "mean": 0.38724076468858026,
                "std": 0.338466627371902
            },
            "signal_interference": {
                "mean": 0.34195648332644174,
                "std": 0.2199103820274765
            },
            "movement_sightings": {
                "mean": 0.4657337752591286,
                "std": 0.23474749949837634
            },
            "debris_density": {
                "mean": 0.3903225623403145,
                "std": 0.30615011620510724
            },
            "hazard_gradient": {
                "mean": 0.23706083883602577,
                "std": 0.14026442675944095
            }
        }
    }
}