{
    "metadata": {
        "policy_name": "EvacuationPolicy",
        "experiment_id": "20250304_1609",
        "city_size": 32,
        "run_id": 74
    },
    "performance": {
        "success": false,
        "time_taken": 42.74901911446204,
        "path_length": 20.441259305934864
    },
    "resource_details": {
        "explosives": {
            "allocated": 3,
            "used": 3,
            "efficiency": 1.0
        },
        "ammo": {
            "allocated": 2,
            "used": 2,
            "efficiency": 1.0
        },
        "radiation_suits": {
            "allocated": 1,
            "used": 1,
            "efficiency": 1.0
        }
    },
    "proxy_metrics": {
        "nodes": {
            "seismic_activity": {
                "mean": 0.33473205199104394,
                "std": 0.2284371378692564
            },
            "radiation_readings": {
                "mean": 0.46735048287698244,
                "std": 0.2982482629500267
            },
            "population_density": {
                "mean": 0.18963901197459432,
                "std": 0.16455378579970176
            },
            "emergency_calls": {
                "mean": 0.7253098370111049,
                "std": 0.3308299381409878
            },
            "thermal_readings": {
                "mean": 0.34767914766950603,
                "std": 0.18128108842453505
            },
            "signal_strength": {
                "mean": 0.6262699852653368,
                "std": 0.21287502693737287
            },
            "structural_integrity": {
                "mean": 0.666476844919315,
                "std": 0.24338153633665124
            }
        },
        "edges": {
            "structural_damage": {
                "mean": 0.41547877210309225,
                "std": 0.312212620523638
            },
            "signal_interference": {
                "mean": 0.38068149916977223,
                "std": 0.2185943591222881
            },
            "movement_sightings": {
                "mean": 0.4095688231843112,
                "std": 0.2425459706942129
            },
            "debris_density": {
                "mean": 0.4300177157836693,
                "std": 0.2625719814264464
            },
            "hazard_gradient": {
                "mean": 0.23637708274682445,
                "std": 0.13505114755907197
            }
        }
    }
}