{
    "metadata": {
        "policy_name": "EvacuationPolicy",
        "experiment_id": "20250304_1609",
        "city_size": 46,
        "run_id": 95
    },
    "performance": {
        "success": false,
        "time_taken": 12.180426482998747,
        "path_length": 7.636293593606014
    },
    "resource_details": {
        "explosives": {
            "allocated": 3,
            "used": 3,
            "efficiency": 1.0
        },
        "ammo": {
            "allocated": 2,
            "used": 2,
            "efficiency": 1.0
        },
        "radiation_suits": {
            "allocated": 1,
            "used": 1,
            "efficiency": 1.0
        }
    },
    "proxy_metrics": {
        "nodes": {
            "seismic_activity": {
                "mean": 0.3465336974757768,
                "std": 0.22513840072025754
            },
            "radiation_readings": {
                "mean": 0.3211632027160661,
                "std": 0.2965173055994903
            },
            "population_density": {
                "mean": 0.24646675004980176,
                "std": 0.1457962500646215
            },
            "emergency_calls": {
                "mean": 0.6410870390460538,
                "std": 0.3493468675915471
            },
            "thermal_readings": {
                "mean": 0.41146604692894445,
                "std": 0.14912636185859657
            },
            "signal_strength": {
                "mean": 0.6778698281510553,
                "std": 0.19668337839638436
            },
            "structural_integrity": {
                "mean": 0.6473079825136918,
                "std": 0.23769192575370737
            }
        },
        "edges": {
            "structural_damage": {
                "mean": 0.47685295918197307,
                "std": 0.3115518118174312
            },
            "signal_interference": {
                "mean": 0.28404185649977437,
                "std": 0.21681287679000277
            },
            "movement_sightings": {
                "mean": 0.49369680974029584,
                "std": 0.17620647037273315
            },
            "debris_density": {
                "mean": 0.4794685708635936,
                "std": 0.2616975736143602
            },
            "hazard_gradient": {
                "mean": 0.19647315957579123,
                "std": 0.12696581104599158
            }
        }
    }
}