{
    "metadata": {
        "policy_name": "EvacuationPolicy",
        "experiment_id": "20250304_1609",
        "city_size": 31,
        "run_id": 45
    },
    "performance": {
        "success": false,
        "time_taken": 72.15434439604924,
        "path_length": 47.77733604154786
    },
    "resource_details": {
        "explosives": {
            "allocated": 0,
            "used": 0,
            "efficiency": 0
        },
        "ammo": {
            "allocated": 2,
            "used": 2,
            "efficiency": 1.0
        },
        "radiation_suits": {
            "allocated": 2,
            "used": 2,
            "efficiency": 1.0
        }
    },
    "proxy_metrics": {
        "nodes": {
            "seismic_activity": {
                "mean": 0.343609616792098,
                "std": 0.2135764273004758
            },
            "radiation_readings": {
                "mean": 0.4315632315254288,
                "std": 0.30497427724966253
            },
            "population_density": {
                "mean": 0.20536007492151553,
                "std": 0.1465882766137974
            },
            "emergency_calls": {
                "mean": 0.8000687547584239,
                "std": 0.24731500298719
            },
            "thermal_readings": {
                "mean": 0.4270477149779474,
                "std": 0.15116819337249465
            },
            "signal_strength": {
                "mean": 0.6419056797224955,
                "std": 0.17113527002866213
            },
            "structural_integrity": {
                "mean": 0.6707171393274567,
                "std": 0.21390838289474384
            }
        },
        "edges": {
            "structural_damage": {
                "mean": 0.45405803437747555,
                "std": 0.3267339726422026
            },
            "signal_interference": {
                "mean": 0.3464844343695074,
                "std": 0.21005898645303694
            },
            "movement_sightings": {
                "mean": 0.4710565580209791,
                "std": 0.19556376906155173
            },
            "debris_density": {
                "mean": 0.4668603128468673,
                "std": 0.25974973932056766
            },
            "hazard_gradient": {
                "mean": 0.18533415025566524,
                "std": 0.1324799274549407
            }
        }
    }
}