{
    "metadata": {
        "policy_name": "EvacuationPolicy",
        "experiment_id": "20250304_1609",
        "city_size": 46,
        "run_id": 30
    },
    "performance": {
        "success": false,
        "time_taken": 60.53769298726432,
        "path_length": 28.290757626236925
    },
    "resource_details": {
        "explosives": {
            "allocated": 2,
            "used": 2,
            "efficiency": 1.0
        },
        "ammo": {
            "allocated": 3,
            "used": 3,
            "efficiency": 1.0
        },
        "radiation_suits": {
            "allocated": 5,
            "used": 5,
            "efficiency": 1.0
        }
    },
    "proxy_metrics": {
        "nodes": {
            "seismic_activity": {
                "mean": 0.1499227620114647,
                "std": 0.15779469997681722
            },
            "radiation_readings": {
                "mean": 0.35273987989936784,
                "std": 0.31560268295070193
            },
            "population_density": {
                "mean": 0.12622942192974831,
                "std": 0.10116019989076437
            },
            "emergency_calls": {
                "mean": 0.6744105029949237,
                "std": 0.36587097495103976
            },
            "thermal_readings": {
                "mean": 0.3456732207291174,
                "std": 0.13549756533577006
            },
            "signal_strength": {
                "mean": 0.7850021108851465,
                "std": 0.14157822474173423
            },
            "structural_integrity": {
                "mean": 0.8404495577782568,
                "std": 0.15866050919597371
            }
        },
        "edges": {
            "structural_damage": {
                "mean": 0.25271583993841146,
                "std": 0.28276615232391084
            },
            "signal_interference": {
                "mean": 0.24554053089649502,
                "std": 0.22458200810958992
            },
            "movement_sightings": {
                "mean": 0.32682487161273677,
                "std": 0.21124912323609385
            },
            "debris_density": {
                "mean": 0.2652065676824339,
                "std": 0.24308567358475439
            },
            "hazard_gradient": {
                "mean": 0.15363456228979508,
                "std": 0.13571538156992918
            }
        }
    }
}