{
    "metadata": {
        "policy_name": "EvacuationPolicy",
        "experiment_id": "20250304_1609",
        "city_size": 50,
        "run_id": 1
    },
    "performance": {
        "success": false,
        "time_taken": 44.86670943739671,
        "path_length": 27.9606831411341
    },
    "resource_details": {
        "explosives": {
            "allocated": 2,
            "used": 2,
            "efficiency": 1.0
        },
        "ammo": {
            "allocated": 0,
            "used": 0,
            "efficiency": 0
        },
        "radiation_suits": {
            "allocated": 3,
            "used": 3,
            "efficiency": 1.0
        }
    },
    "proxy_metrics": {
        "nodes": {
            "seismic_activity": {
                "mean": 0.3520155528822781,
                "std": 0.26936041949416006
            },
            "radiation_readings": {
                "mean": 0.37054701534881623,
                "std": 0.31395610011465047
            },
            "population_density": {
                "mean": 0.2085904396127862,
                "std": 0.1648254487194711
            },
            "emergency_calls": {
                "mean": 0.6710022764166196,
                "std": 0.36272617582954364
            },
            "thermal_readings": {
                "mean": 0.393607997529607,
                "std": 0.18242526757049563
            },
            "signal_strength": {
                "mean": 0.6514594782215236,
                "std": 0.2361396220483875
            },
            "structural_integrity": {
                "mean": 0.6426838993852748,
                "std": 0.2602264501673661
            }
        },
        "edges": {
            "structural_damage": {
                "mean": 0.42017465951565874,
                "std": 0.3531632906498224
            },
            "signal_interference": {
                "mean": 0.31374482725561564,
                "std": 0.2370574695545246
            },
            "movement_sightings": {
                "mean": 0.4268468055361234,
                "std": 0.2476015003190942
            },
            "debris_density": {
                "mean": 0.4348707428362641,
                "std": 0.3093231794230767
            },
            "hazard_gradient": {
                "mean": 0.2157779722656299,
                "std": 0.1406266133797227
            }
        }
    }
}