{
    "metadata": {
        "policy_name": "EvacuationPolicy",
        "experiment_id": "20250304_1609",
        "city_size": 29,
        "run_id": 13
    },
    "performance": {
        "success": false,
        "time_taken": 184.53029478413777,
        "path_length": 69.85153854568547
    },
    "resource_details": {
        "explosives": {
            "allocated": 2,
            "used": 2,
            "efficiency": 1.0
        },
        "ammo": {
            "allocated": 2,
            "used": 2,
            "efficiency": 1.0
        },
        "radiation_suits": {
            "allocated": 2,
            "used": 2,
            "efficiency": 1.0
        }
    },
    "proxy_metrics": {
        "nodes": {
            "seismic_activity": {
                "mean": 0.4200006636910323,
                "std": 0.2737880766058107
            },
            "radiation_readings": {
                "mean": 0.4108395438419132,
                "std": 0.25956069717628677
            },
            "population_density": {
                "mean": 0.1568345889267172,
                "std": 0.15059226478343593
            },
            "emergency_calls": {
                "mean": 0.7567254472678732,
                "std": 0.2602553831184296
            },
            "thermal_readings": {
                "mean": 0.29431407158456335,
                "std": 0.17417854959808068
            },
            "signal_strength": {
                "mean": 0.5986512273102769,
                "std": 0.15868624571498013
            },
            "structural_integrity": {
                "mean": 0.5798273962376187,
                "std": 0.24862862937164526
            }
        },
        "edges": {
            "structural_damage": {
                "mean": 0.4618984887246671,
                "std": 0.33758612241971664
            },
            "signal_interference": {
                "mean": 0.3709669670504259,
                "std": 0.16914701244896407
            },
            "movement_sightings": {
                "mean": 0.4210949883963894,
                "std": 0.21431046665681844
            },
            "debris_density": {
                "mean": 0.46166146400068175,
                "std": 0.28021643709433774
            },
            "hazard_gradient": {
                "mean": 0.22563291921464132,
                "std": 0.12938955306624025
            }
        }
    }
}