{
    "metadata": {
        "policy_name": "EvacuationPolicy",
        "experiment_id": "20250304_1609",
        "city_size": 20,
        "run_id": 21
    },
    "performance": {
        "success": false,
        "time_taken": 151.13639377415402,
        "path_length": 73.21933775726993
    },
    "resource_details": {
        "explosives": {
            "allocated": 0,
            "used": 0,
            "efficiency": 0
        },
        "ammo": {
            "allocated": 1,
            "used": 1,
            "efficiency": 1.0
        },
        "radiation_suits": {
            "allocated": 0,
            "used": 0,
            "efficiency": 0
        }
    },
    "proxy_metrics": {
        "nodes": {
            "seismic_activity": {
                "mean": 0.7302577451380854,
                "std": 0.19672021686366012
            },
            "radiation_readings": {
                "mean": 0.3938365686327952,
                "std": 0.3144632657521337
            },
            "population_density": {
                "mean": 0.19242130419105943,
                "std": 0.1666491351092777
            },
            "emergency_calls": {
                "mean": 0.8363214006346424,
                "std": 0.11295830241399085
            },
            "thermal_readings": {
                "mean": 0.35742996048415276,
                "std": 0.13093513168086054
            },
            "signal_strength": {
                "mean": 0.3890250786777497,
                "std": 0.1980796436799324
            },
            "structural_integrity": {
                "mean": 0.2515575826432038,
                "std": 0.18498840969492888
            }
        },
        "edges": {
            "structural_damage": {
                "mean": 0.7647970448722747,
                "std": 0.3169431484790539
            },
            "signal_interference": {
                "mean": 0.366249455644236,
                "std": 0.2082436827827358
            },
            "movement_sightings": {
                "mean": 0.5520198650539139,
                "std": 0.20402423428163718
            },
            "debris_density": {
                "mean": 0.7370627395228481,
                "std": 0.2298713358978871
            },
            "hazard_gradient": {
                "mean": 0.1951049922659823,
                "std": 0.1251991631621006
            }
        }
    }
}