{
    "metadata": {
        "policy_name": "EvacuationPolicy",
        "experiment_id": "20250304_1609",
        "city_size": 28,
        "run_id": 96
    },
    "performance": {
        "success": false,
        "time_taken": 60.7152233069506,
        "path_length": 23.84729119032923
    },
    "resource_details": {
        "explosives": {
            "allocated": 1,
            "used": 1,
            "efficiency": 1.0
        },
        "ammo": {
            "allocated": 4,
            "used": 4,
            "efficiency": 1.0
        },
        "radiation_suits": {
            "allocated": 1,
            "used": 1,
            "efficiency": 1.0
        }
    },
    "proxy_metrics": {
        "nodes": {
            "seismic_activity": {
                "mean": 0.3403703080454455,
                "std": 0.30822672016804903
            },
            "radiation_readings": {
                "mean": 0.43679014345290224,
                "std": 0.27883769991323304
            },
            "population_density": {
                "mean": 0.36058255733038286,
                "std": 0.20525627545497416
            },
            "emergency_calls": {
                "mean": 0.7416969141097398,
                "std": 0.3274988356293938
            },
            "thermal_readings": {
                "mean": 0.5537651832267966,
                "std": 0.16852248984448037
            },
            "signal_strength": {
                "mean": 0.6400429058909429,
                "std": 0.24576796631370923
            },
            "structural_integrity": {
                "mean": 0.6454559823579817,
                "std": 0.3035881604321338
            }
        },
        "edges": {
            "structural_damage": {
                "mean": 0.4186437177666677,
                "std": 0.38142736639961056
            },
            "signal_interference": {
                "mean": 0.36041001899798614,
                "std": 0.2014158994662588
            },
            "movement_sightings": {
                "mean": 0.6110955202828131,
                "std": 0.24716835130046932
            },
            "debris_density": {
                "mean": 0.4431209617310454,
                "std": 0.33577526103835825
            },
            "hazard_gradient": {
                "mean": 0.2217441316524889,
                "std": 0.1304323077392979
            }
        }
    }
}