{
    "metadata": {
        "policy_name": "EvacuationPolicy",
        "experiment_id": "20250304_1609",
        "city_size": 46,
        "run_id": 32
    },
    "performance": {
        "success": false,
        "time_taken": 26.512242809844892,
        "path_length": 16.75372299347093
    },
    "resource_details": {
        "explosives": {
            "allocated": 3,
            "used": 3,
            "efficiency": 1.0
        },
        "ammo": {
            "allocated": 2,
            "used": 2,
            "efficiency": 1.0
        },
        "radiation_suits": {
            "allocated": 0,
            "used": 0,
            "efficiency": 0
        }
    },
    "proxy_metrics": {
        "nodes": {
            "seismic_activity": {
                "mean": 0.3728262165672561,
                "std": 0.26646875765577016
            },
            "radiation_readings": {
                "mean": 0.3725487173577236,
                "std": 0.2876088741934705
            },
            "population_density": {
                "mean": 0.2666198099006646,
                "std": 0.17550308648532756
            },
            "emergency_calls": {
                "mean": 0.7861775856604857,
                "std": 0.24909910773887148
            },
            "thermal_readings": {
                "mean": 0.43289531422318367,
                "std": 0.17085966385078724
            },
            "signal_strength": {
                "mean": 0.6367814593793282,
                "std": 0.22724457486902813
            },
            "structural_integrity": {
                "mean": 0.6295829743332628,
                "std": 0.2736943986953101
            }
        },
        "edges": {
            "structural_damage": {
                "mean": 0.4947744711607469,
                "std": 0.3433006148009799
            },
            "signal_interference": {
                "mean": 0.3207377277564011,
                "std": 0.2095664317760442
            },
            "movement_sightings": {
                "mean": 0.5779230833978233,
                "std": 0.25079584811382216
            },
            "debris_density": {
                "mean": 0.5050649657715766,
                "std": 0.2835483642322617
            },
            "hazard_gradient": {
                "mean": 0.20966618162759157,
                "std": 0.12298201894391875
            }
        }
    }
}