{
    "metadata": {
        "policy_name": "EvacuationPolicy",
        "experiment_id": "20250304_1609",
        "city_size": 33,
        "run_id": 58
    },
    "performance": {
        "success": false,
        "time_taken": 36.60914854396936,
        "path_length": 22.743239576976787
    },
    "resource_details": {
        "explosives": {
            "allocated": 1,
            "used": 1,
            "efficiency": 1.0
        },
        "ammo": {
            "allocated": 1,
            "used": 1,
            "efficiency": 1.0
        },
        "radiation_suits": {
            "allocated": 0,
            "used": 0,
            "efficiency": 0
        }
    },
    "proxy_metrics": {
        "nodes": {
            "seismic_activity": {
                "mean": 0.38178364156021594,
                "std": 0.24676960632991726
            },
            "radiation_readings": {
                "mean": 0.49599165545107243,
                "std": 0.2548003457318153
            },
            "population_density": {
                "mean": 0.08725515450853784,
                "std": 0.08609535920747456
            },
            "emergency_calls": {
                "mean": 0.8173702699074867,
                "std": 0.24485090765022308
            },
            "thermal_readings": {
                "mean": 0.21087181772454,
                "std": 0.13028244723659443
            },
            "signal_strength": {
                "mean": 0.5809488062888485,
                "std": 0.17880700885068376
            },
            "structural_integrity": {
                "mean": 0.6260730597141929,
                "std": 0.25058337403142067
            }
        },
        "edges": {
            "structural_damage": {
                "mean": 0.46726600337165797,
                "std": 0.3682468538336687
            },
            "signal_interference": {
                "mean": 0.3966701965715462,
                "std": 0.195699528437694
            },
            "movement_sightings": {
                "mean": 0.42159727305291056,
                "std": 0.1876733433375308
            },
            "debris_density": {
                "mean": 0.46536439804907215,
                "std": 0.31233795193297414
            },
            "hazard_gradient": {
                "mean": 0.20865606730221326,
                "std": 0.15041208863296693
            }
        }
    }
}