{
    "metadata": {
        "policy_name": "EvacuationPolicy",
        "experiment_id": "20250304_1609",
        "city_size": 33,
        "run_id": 12
    },
    "performance": {
        "success": false,
        "time_taken": 355.9663813519884,
        "path_length": 68.59421301734737
    },
    "resource_details": {
        "explosives": {
            "allocated": 5,
            "used": 5,
            "efficiency": 1.0
        },
        "ammo": {
            "allocated": 1,
            "used": 1,
            "efficiency": 1.0
        },
        "radiation_suits": {
            "allocated": 2,
            "used": 2,
            "efficiency": 1.0
        }
    },
    "proxy_metrics": {
        "nodes": {
            "seismic_activity": {
                "mean": 0.41248959873444,
                "std": 0.2782468048393473
            },
            "radiation_readings": {
                "mean": 0.36240817757926375,
                "std": 0.3248274008328137
            },
            "population_density": {
                "mean": 0.1048949887919993,
                "std": 0.08001906808041459
            },
            "emergency_calls": {
                "mean": 0.5991181916812576,
                "std": 0.3882626594261056
            },
            "thermal_readings": {
                "mean": 0.2610163814757605,
                "std": 0.13702374119954788
            },
            "signal_strength": {
                "mean": 0.6038047105888613,
                "std": 0.24971208153366575
            },
            "structural_integrity": {
                "mean": 0.5841193755738923,
                "std": 0.2723841904190181
            }
        },
        "edges": {
            "structural_damage": {
                "mean": 0.48706193646863666,
                "std": 0.3554016491363472
            },
            "signal_interference": {
                "mean": 0.31286975040961723,
                "std": 0.23807814932109872
            },
            "movement_sightings": {
                "mean": 0.4302274061964507,
                "std": 0.1752678437418148
            },
            "debris_density": {
                "mean": 0.4751618164636797,
                "std": 0.3227413497056923
            },
            "hazard_gradient": {
                "mean": 0.1737658752201033,
                "std": 0.1339523953970785
            }
        }
    }
}