{
    "metadata": {
        "policy_name": "EvacuationPolicy",
        "experiment_id": "20250304_1609",
        "city_size": 36,
        "run_id": 3
    },
    "performance": {
        "success": false,
        "time_taken": 111.0071016305888,
        "path_length": 69.72239355122605
    },
    "resource_details": {
        "explosives": {
            "allocated": 3,
            "used": 3,
            "efficiency": 1.0
        },
        "ammo": {
            "allocated": 1,
            "used": 1,
            "efficiency": 1.0
        },
        "radiation_suits": {
            "allocated": 0,
            "used": 0,
            "efficiency": 0
        }
    },
    "proxy_metrics": {
        "nodes": {
            "seismic_activity": {
                "mean": 0.29182665678077374,
                "std": 0.267273475790848
            },
            "radiation_readings": {
                "mean": 0.4640233065581345,
                "std": 0.3070697579216474
            },
            "population_density": {
                "mean": 0.238127119549184,
                "std": 0.1296381452583153
            },
            "emergency_calls": {
                "mean": 0.7449108170788254,
                "std": 0.31721398565220893
            },
            "thermal_readings": {
                "mean": 0.4029643449209894,
                "std": 0.15278581640863145
            },
            "signal_strength": {
                "mean": 0.65356603406029,
                "std": 0.2160421360285886
            },
            "structural_integrity": {
                "mean": 0.7308563326947122,
                "std": 0.25093177742132405
            }
        },
        "edges": {
            "structural_damage": {
                "mean": 0.3586016889993234,
                "std": 0.3425882229015005
            },
            "signal_interference": {
                "mean": 0.3659673132343735,
                "std": 0.18949664287848836
            },
            "movement_sightings": {
                "mean": 0.483533549682938,
                "std": 0.17167587885212027
            },
            "debris_density": {
                "mean": 0.3794242867879074,
                "std": 0.30311293044786713
            },
            "hazard_gradient": {
                "mean": 0.23152470723280894,
                "std": 0.11836770923425706
            }
        }
    }
}