{
    "metadata": {
        "policy_name": "EvacuationPolicy",
        "experiment_id": "20250304_1609",
        "city_size": 32,
        "run_id": 98
    },
    "performance": {
        "success": false,
        "time_taken": 19.199381363357137,
        "path_length": 9.345050366462685
    },
    "resource_details": {
        "explosives": {
            "allocated": 2,
            "used": 2,
            "efficiency": 1.0
        },
        "ammo": {
            "allocated": 1,
            "used": 1,
            "efficiency": 1.0
        },
        "radiation_suits": {
            "allocated": 1,
            "used": 1,
            "efficiency": 1.0
        }
    },
    "proxy_metrics": {
        "nodes": {
            "seismic_activity": {
                "mean": 0.45006766538990683,
                "std": 0.2840334488321441
            },
            "radiation_readings": {
                "mean": 0.5045035087739747,
                "std": 0.2711344020382585
            },
            "population_density": {
                "mean": 0.3019589993043833,
                "std": 0.18707286784170166
            },
            "emergency_calls": {
                "mean": 0.7903455375305273,
                "std": 0.28793444226385956
            },
            "thermal_readings": {
                "mean": 0.48311688114920337,
                "std": 0.16726954210493925
            },
            "signal_strength": {
                "mean": 0.536833695651022,
                "std": 0.26280348288474975
            },
            "structural_integrity": {
                "mean": 0.568862582938269,
                "std": 0.2993836261018612
            }
        },
        "edges": {
            "structural_damage": {
                "mean": 0.5164846892285859,
                "std": 0.3372105755086233
            },
            "signal_interference": {
                "mean": 0.4118461210157453,
                "std": 0.21478676585003886
            },
            "movement_sightings": {
                "mean": 0.5391739801769152,
                "std": 0.27278311625749674
            },
            "debris_density": {
                "mean": 0.5249798467471273,
                "std": 0.27155114406881353
            },
            "hazard_gradient": {
                "mean": 0.23655247014974082,
                "std": 0.11305418330989254
            }
        }
    }
}