{
    "metadata": {
        "policy_name": "EvacuationPolicy",
        "experiment_id": "20250304_1609",
        "city_size": 20,
        "run_id": 91
    },
    "performance": {
        "success": false,
        "time_taken": 364.72145608922693,
        "path_length": 120.63385077940525
    },
    "resource_details": {
        "explosives": {
            "allocated": 1,
            "used": 1,
            "efficiency": 1.0
        },
        "ammo": {
            "allocated": 1,
            "used": 1,
            "efficiency": 1.0
        },
        "radiation_suits": {
            "allocated": 1,
            "used": 1,
            "efficiency": 1.0
        }
    },
    "proxy_metrics": {
        "nodes": {
            "seismic_activity": {
                "mean": 0.4987046240498089,
                "std": 0.2827297100630329
            },
            "radiation_readings": {
                "mean": 0.40267082146213296,
                "std": 0.3044024752567291
            },
            "population_density": {
                "mean": 0.2043807159885497,
                "std": 0.13829698619177772
            },
            "emergency_calls": {
                "mean": 0.6626156048660596,
                "std": 0.37024896107381405
            },
            "thermal_readings": {
                "mean": 0.3785138910503951,
                "std": 0.11927505206796392
            },
            "signal_strength": {
                "mean": 0.532124106137817,
                "std": 0.29012383093688826
            },
            "structural_integrity": {
                "mean": 0.4843201820694788,
                "std": 0.2925834465699739
            }
        },
        "edges": {
            "structural_damage": {
                "mean": 0.608847091541414,
                "std": 0.32651063450257944
            },
            "signal_interference": {
                "mean": 0.38199683950775004,
                "std": 0.25126478077989944
            },
            "movement_sightings": {
                "mean": 0.5133751763900674,
                "std": 0.2553060962101134
            },
            "debris_density": {
                "mean": 0.592507179707938,
                "std": 0.29344401680498033
            },
            "hazard_gradient": {
                "mean": 0.2344128856246816,
                "std": 0.11378391532120138
            }
        }
    }
}