{
    "metadata": {
        "policy_name": "EvacuationPolicy",
        "experiment_id": "20250304_1609",
        "city_size": 37,
        "run_id": 84
    },
    "performance": {
        "success": false,
        "time_taken": 110.27452801191806,
        "path_length": 52.89487723422904
    },
    "resource_details": {
        "explosives": {
            "allocated": 0,
            "used": 0,
            "efficiency": 0
        },
        "ammo": {
            "allocated": 2,
            "used": 2,
            "efficiency": 1.0
        },
        "radiation_suits": {
            "allocated": 1,
            "used": 1,
            "efficiency": 1.0
        }
    },
    "proxy_metrics": {
        "nodes": {
            "seismic_activity": {
                "mean": 0.3457769175080498,
                "std": 0.258870659676871
            },
            "radiation_readings": {
                "mean": 0.37643370102115553,
                "std": 0.2796947018702056
            },
            "population_density": {
                "mean": 0.13076162954680237,
                "std": 0.15072513797441575
            },
            "emergency_calls": {
                "mean": 0.6931982382869243,
                "std": 0.3180087394935477
            },
            "thermal_readings": {
                "mean": 0.266573004427863,
                "std": 0.1468080152244148
            },
            "signal_strength": {
                "mean": 0.6400167846879666,
                "std": 0.21876290083861874
            },
            "structural_integrity": {
                "mean": 0.637624731755931,
                "std": 0.25290510357252005
            }
        },
        "edges": {
            "structural_damage": {
                "mean": 0.4460089512535583,
                "std": 0.37138780515692543
            },
            "signal_interference": {
                "mean": 0.34006020895857997,
                "std": 0.21718925427698688
            },
            "movement_sightings": {
                "mean": 0.5090868774834468,
                "std": 0.22931871815792432
            },
            "debris_density": {
                "mean": 0.45381172390962143,
                "std": 0.33076905512855453
            },
            "hazard_gradient": {
                "mean": 0.21051090580160828,
                "std": 0.1454258991303487
            }
        }
    }
}