{
    "metadata": {
        "policy_name": "EvacuationPolicy",
        "experiment_id": "20250304_1609",
        "city_size": 42,
        "run_id": 46
    },
    "performance": {
        "success": false,
        "time_taken": 134.99349706792194,
        "path_length": 84.01938793485294
    },
    "resource_details": {
        "explosives": {
            "allocated": 0,
            "used": 0,
            "efficiency": 0
        },
        "ammo": {
            "allocated": 1,
            "used": 1,
            "efficiency": 1.0
        },
        "radiation_suits": {
            "allocated": 0,
            "used": 0,
            "efficiency": 0
        }
    },
    "proxy_metrics": {
        "nodes": {
            "seismic_activity": {
                "mean": 0.390502325342634,
                "std": 0.22757277602602013
            },
            "radiation_readings": {
                "mean": 0.29078284018839784,
                "std": 0.3251993927076966
            },
            "population_density": {
                "mean": 0.21144214331787095,
                "std": 0.125381119703998
            },
            "emergency_calls": {
                "mean": 0.629660544430225,
                "std": 0.3583492784091383
            },
            "thermal_readings": {
                "mean": 0.41805779193728926,
                "std": 0.14350383006214273
            },
            "signal_strength": {
                "mean": 0.664822162861082,
                "std": 0.2617466228448177
            },
            "structural_integrity": {
                "mean": 0.6292148799436545,
                "std": 0.23035165595460794
            }
        },
        "edges": {
            "structural_damage": {
                "mean": 0.514090504591096,
                "std": 0.2986185722384545
            },
            "signal_interference": {
                "mean": 0.2722600865701036,
                "std": 0.23342726837571495
            },
            "movement_sightings": {
                "mean": 0.45737756118410633,
                "std": 0.20238569415037047
            },
            "debris_density": {
                "mean": 0.4997526658273926,
                "std": 0.25345403072398287
            },
            "hazard_gradient": {
                "mean": 0.20415106614718015,
                "std": 0.13647688543907455
            }
        }
    }
}