{
    "metadata": {
        "policy_name": "EvacuationPolicy",
        "experiment_id": "20250304_1609",
        "city_size": 44,
        "run_id": 75
    },
    "performance": {
        "success": false,
        "time_taken": 84.07866409951275,
        "path_length": 40.3435320494267
    },
    "resource_details": {
        "explosives": {
            "allocated": 0,
            "used": 0,
            "efficiency": 0
        },
        "ammo": {
            "allocated": 3,
            "used": 0,
            "efficiency": 0.0
        },
        "radiation_suits": {
            "allocated": 5,
            "used": 1,
            "efficiency": 0.2
        }
    },
    "proxy_metrics": {
        "nodes": {
            "seismic_activity": {
                "mean": 0.25319588391977893,
                "std": 0.19809129197163244
            },
            "radiation_readings": {
                "mean": 0.3890502146876002,
                "std": 0.3023810730060124
            },
            "population_density": {
                "mean": 0.12969170864964633,
                "std": 0.1288693994429657
            },
            "emergency_calls": {
                "mean": 0.6169936480558808,
                "std": 0.4086030678667446
            },
            "thermal_readings": {
                "mean": 0.30336815324952043,
                "std": 0.14517856056967832
            },
            "signal_strength": {
                "mean": 0.6917333067324039,
                "std": 0.20206118917800175
            },
            "structural_integrity": {
                "mean": 0.7440623014840345,
                "std": 0.19820308870454548
            }
        },
        "edges": {
            "structural_damage": {
                "mean": 0.37391281980829205,
                "std": 0.3202019191615375
            },
            "signal_interference": {
                "mean": 0.32584553919950965,
                "std": 0.20015444327810578
            },
            "movement_sightings": {
                "mean": 0.4052063618353937,
                "std": 0.1848250913108404
            },
            "debris_density": {
                "mean": 0.40166675292657755,
                "std": 0.2786358400005882
            },
            "hazard_gradient": {
                "mean": 0.2119377841629231,
                "std": 0.12627997045508507
            }
        }
    }
}