{
    "metadata": {
        "policy_name": "EvacuationPolicy",
        "experiment_id": "20250304_1609",
        "city_size": 50,
        "run_id": 51
    },
    "performance": {
        "success": false,
        "time_taken": 345.54581970868537,
        "path_length": 62.15806277743905
    },
    "resource_details": {
        "explosives": {
            "allocated": 4,
            "used": 4,
            "efficiency": 1.0
        },
        "ammo": {
            "allocated": 4,
            "used": 4,
            "efficiency": 1.0
        },
        "radiation_suits": {
            "allocated": 3,
            "used": 3,
            "efficiency": 1.0
        }
    },
    "proxy_metrics": {
        "nodes": {
            "seismic_activity": {
                "mean": 0.3800480511242493,
                "std": 0.2627601721953092
            },
            "radiation_readings": {
                "mean": 0.42806057340488557,
                "std": 0.2995928282532882
            },
            "population_density": {
                "mean": 0.1874406713523709,
                "std": 0.15727217962930867
            },
            "emergency_calls": {
                "mean": 0.7250789971346372,
                "std": 0.30289938060002686
            },
            "thermal_readings": {
                "mean": 0.3795369186247951,
                "std": 0.17001779461480945
            },
            "signal_strength": {
                "mean": 0.6270728650999176,
                "std": 0.2081654229945383
            },
            "structural_integrity": {
                "mean": 0.6188117812976338,
                "std": 0.2731125304289486
            }
        },
        "edges": {
            "structural_damage": {
                "mean": 0.48324995724609676,
                "std": 0.34815069933829745
            },
            "signal_interference": {
                "mean": 0.36847540687738645,
                "std": 0.22400806470137738
            },
            "movement_sightings": {
                "mean": 0.49798765138889745,
                "std": 0.24111517148678283
            },
            "debris_density": {
                "mean": 0.4725947449643995,
                "std": 0.29434419104000764
            },
            "hazard_gradient": {
                "mean": 0.20560682326598612,
                "std": 0.12165617943447887
            }
        }
    }
}