{
    "metadata": {
        "policy_name": "EvacuationPolicy",
        "experiment_id": "20250304_1609",
        "city_size": 26,
        "run_id": 29
    },
    "performance": {
        "success": false,
        "time_taken": 224.28617522864297,
        "path_length": 72.25403723128152
    },
    "resource_details": {
        "explosives": {
            "allocated": 4,
            "used": 4,
            "efficiency": 1.0
        },
        "ammo": {
            "allocated": 4,
            "used": 4,
            "efficiency": 1.0
        },
        "radiation_suits": {
            "allocated": 1,
            "used": 1,
            "efficiency": 1.0
        }
    },
    "proxy_metrics": {
        "nodes": {
            "seismic_activity": {
                "mean": 0.42657560222109336,
                "std": 0.25901652073997894
            },
            "radiation_readings": {
                "mean": 0.3599423312815885,
                "std": 0.32938580641867404
            },
            "population_density": {
                "mean": 0.2171159964318712,
                "std": 0.16243340523503746
            },
            "emergency_calls": {
                "mean": 0.7309510011012286,
                "std": 0.2785621629710526
            },
            "thermal_readings": {
                "mean": 0.4538357600848457,
                "std": 0.14255971554840557
            },
            "signal_strength": {
                "mean": 0.6295164201995019,
                "std": 0.15607945845943602
            },
            "structural_integrity": {
                "mean": 0.5993124033978919,
                "std": 0.2524722808504008
            }
        },
        "edges": {
            "structural_damage": {
                "mean": 0.5231055448775404,
                "std": 0.3685809478405154
            },
            "signal_interference": {
                "mean": 0.309358048671611,
                "std": 0.21324787483141497
            },
            "movement_sightings": {
                "mean": 0.41389055555013016,
                "std": 0.19282633665748886
            },
            "debris_density": {
                "mean": 0.5256146906075333,
                "std": 0.2752903093393194
            },
            "hazard_gradient": {
                "mean": 0.2278699880613462,
                "std": 0.128029263221119
            }
        }
    }
}