{
    "metadata": {
        "policy_name": "EvacuationPolicy",
        "experiment_id": "20250304_1609",
        "city_size": 38,
        "run_id": 47
    },
    "performance": {
        "success": false,
        "time_taken": 213.0782797033893,
        "path_length": 51.241724598525785
    },
    "resource_details": {
        "explosives": {
            "allocated": 1,
            "used": 1,
            "efficiency": 1.0
        },
        "ammo": {
            "allocated": 3,
            "used": 3,
            "efficiency": 1.0
        },
        "radiation_suits": {
            "allocated": 3,
            "used": 3,
            "efficiency": 1.0
        }
    },
    "proxy_metrics": {
        "nodes": {
            "seismic_activity": {
                "mean": 0.19773353785936348,
                "std": 0.1963588829443146
            },
            "radiation_readings": {
                "mean": 0.44098237542199104,
                "std": 0.28254884066911834
            },
            "population_density": {
                "mean": 0.07966708283260732,
                "std": 0.07927519983706091
            },
            "emergency_calls": {
                "mean": 0.7315082477594208,
                "std": 0.3122165124249876
            },
            "thermal_readings": {
                "mean": 0.2479844140263607,
                "std": 0.11143625453040991
            },
            "signal_strength": {
                "mean": 0.7225843719841603,
                "std": 0.1481438223427256
            },
            "structural_integrity": {
                "mean": 0.7927493934296788,
                "std": 0.17878675461916044
            }
        },
        "edges": {
            "structural_damage": {
                "mean": 0.2691378602951051,
                "std": 0.32198069369843557
            },
            "signal_interference": {
                "mean": 0.32187895266489674,
                "std": 0.1930129190361655
            },
            "movement_sightings": {
                "mean": 0.3282469696006499,
                "std": 0.1703529826081855
            },
            "debris_density": {
                "mean": 0.30454004346489044,
                "std": 0.2875624960433535
            },
            "hazard_gradient": {
                "mean": 0.1908516597388731,
                "std": 0.13963985660423292
            }
        }
    }
}