{
    "metadata": {
        "policy_name": "EvacuationPolicy",
        "experiment_id": "20250304_1609",
        "city_size": 45,
        "run_id": 26
    },
    "performance": {
        "success": false,
        "time_taken": 32.231733307840834,
        "path_length": 15.102461988871106
    },
    "resource_details": {
        "explosives": {
            "allocated": 0,
            "used": 0,
            "efficiency": 0
        },
        "ammo": {
            "allocated": 0,
            "used": 0,
            "efficiency": 0
        },
        "radiation_suits": {
            "allocated": 2,
            "used": 2,
            "efficiency": 1.0
        }
    },
    "proxy_metrics": {
        "nodes": {
            "seismic_activity": {
                "mean": 0.39149247614093374,
                "std": 0.31360683836198455
            },
            "radiation_readings": {
                "mean": 0.3975648431381635,
                "std": 0.3018576497831277
            },
            "population_density": {
                "mean": 0.18092642983114543,
                "std": 0.11703256461513839
            },
            "emergency_calls": {
                "mean": 0.7014748487074601,
                "std": 0.3469415313663939
            },
            "thermal_readings": {
                "mean": 0.397270424069308,
                "std": 0.1307469472315363
            },
            "signal_strength": {
                "mean": 0.6042644927812033,
                "std": 0.2787952976986937
            },
            "structural_integrity": {
                "mean": 0.61734870261965,
                "std": 0.33032434608884204
            }
        },
        "edges": {
            "structural_damage": {
                "mean": 0.4895971943087994,
                "std": 0.3607604143952827
            },
            "signal_interference": {
                "mean": 0.3291349645922166,
                "std": 0.23742801439805264
            },
            "movement_sightings": {
                "mean": 0.4854405950941329,
                "std": 0.17874103400044705
            },
            "debris_density": {
                "mean": 0.4733135482054916,
                "std": 0.3176306259608719
            },
            "hazard_gradient": {
                "mean": 0.17816568731413346,
                "std": 0.14236861955718716
            }
        }
    }
}