{
    "metadata": {
        "policy_name": "EvacuationPolicy",
        "experiment_id": "20250304_1609",
        "city_size": 49,
        "run_id": 61
    },
    "performance": {
        "success": false,
        "time_taken": 27.132807432128324,
        "path_length": 8.859978249882667
    },
    "resource_details": {
        "explosives": {
            "allocated": 3,
            "used": 3,
            "efficiency": 1.0
        },
        "ammo": {
            "allocated": 5,
            "used": 5,
            "efficiency": 1.0
        },
        "radiation_suits": {
            "allocated": 5,
            "used": 5,
            "efficiency": 1.0
        }
    },
    "proxy_metrics": {
        "nodes": {
            "seismic_activity": {
                "mean": 0.3242680530571449,
                "std": 0.24637509847885447
            },
            "radiation_readings": {
                "mean": 0.4649572304843178,
                "std": 0.2764484151768964
            },
            "population_density": {
                "mean": 0.3802068040717571,
                "std": 0.2097258008769768
            },
            "emergency_calls": {
                "mean": 0.8097873684505875,
                "std": 0.24871958237490077
            },
            "thermal_readings": {
                "mean": 0.5833328198888896,
                "std": 0.16762046284374474
            },
            "signal_strength": {
                "mean": 0.6395037666096188,
                "std": 0.21472382142951627
            },
            "structural_integrity": {
                "mean": 0.6788296660976425,
                "std": 0.24787741134716476
            }
        },
        "edges": {
            "structural_damage": {
                "mean": 0.4044534237658538,
                "std": 0.3347853252685824
            },
            "signal_interference": {
                "mean": 0.3672448138099478,
                "std": 0.20036052809488022
            },
            "movement_sightings": {
                "mean": 0.6610710707202869,
                "std": 0.2449455505762067
            },
            "debris_density": {
                "mean": 0.43089864554259705,
                "std": 0.28419847239269286
            },
            "hazard_gradient": {
                "mean": 0.2186292933734862,
                "std": 0.13470142404162522
            }
        }
    }
}