{
    "metadata": {
        "policy_name": "EvacuationPolicy",
        "experiment_id": "20250304_1609",
        "city_size": 32,
        "run_id": 41
    },
    "performance": {
        "success": false,
        "time_taken": 262.0946602310338,
        "path_length": 70.91837119466712
    },
    "resource_details": {
        "explosives": {
            "allocated": 3,
            "used": 3,
            "efficiency": 1.0
        },
        "ammo": {
            "allocated": 1,
            "used": 1,
            "efficiency": 1.0
        },
        "radiation_suits": {
            "allocated": 1,
            "used": 1,
            "efficiency": 1.0
        }
    },
    "proxy_metrics": {
        "nodes": {
            "seismic_activity": {
                "mean": 0.45844499207144584,
                "std": 0.3009503031535611
            },
            "radiation_readings": {
                "mean": 0.41192725964057686,
                "std": 0.3139212149396116
            },
            "population_density": {
                "mean": 0.36889314876870316,
                "std": 0.1925486284338271
            },
            "emergency_calls": {
                "mean": 0.8154492918836302,
                "std": 0.18701693067466915
            },
            "thermal_readings": {
                "mean": 0.5543878621815723,
                "std": 0.17082364384388135
            },
            "signal_strength": {
                "mean": 0.5706096092944473,
                "std": 0.20245603124989947
            },
            "structural_integrity": {
                "mean": 0.5521792796824562,
                "std": 0.28195545354703394
            }
        },
        "edges": {
            "structural_damage": {
                "mean": 0.4907283357130599,
                "std": 0.3534498315291759
            },
            "signal_interference": {
                "mean": 0.3408687892102884,
                "std": 0.2167687583821917
            },
            "movement_sightings": {
                "mean": 0.6424717666440315,
                "std": 0.2142018333792133
            },
            "debris_density": {
                "mean": 0.49617522155842314,
                "std": 0.28476288265352223
            },
            "hazard_gradient": {
                "mean": 0.23405002406617617,
                "std": 0.10744315833953814
            }
        }
    }
}