{
    "metadata": {
        "policy_name": "EvacuationPolicy",
        "experiment_id": "20250304_1609",
        "city_size": 37,
        "run_id": 31
    },
    "performance": {
        "success": false,
        "time_taken": 227.70317781677235,
        "path_length": 49.325850288253214
    },
    "resource_details": {
        "explosives": {
            "allocated": 3,
            "used": 3,
            "efficiency": 1.0
        },
        "ammo": {
            "allocated": 0,
            "used": 0,
            "efficiency": 0
        },
        "radiation_suits": {
            "allocated": 3,
            "used": 3,
            "efficiency": 1.0
        }
    },
    "proxy_metrics": {
        "nodes": {
            "seismic_activity": {
                "mean": 0.3366684779705832,
                "std": 0.2675467400760112
            },
            "radiation_readings": {
                "mean": 0.3479278356874522,
                "std": 0.30527290535949636
            },
            "population_density": {
                "mean": 0.28854136879768133,
                "std": 0.16532274085008666
            },
            "emergency_calls": {
                "mean": 0.7389835024407921,
                "std": 0.29326461879344423
            },
            "thermal_readings": {
                "mean": 0.5273195267501399,
                "std": 0.15231333256363216
            },
            "signal_strength": {
                "mean": 0.6832588982780604,
                "std": 0.2232758455662561
            },
            "structural_integrity": {
                "mean": 0.6670354391982789,
                "std": 0.2811247970320548
            }
        },
        "edges": {
            "structural_damage": {
                "mean": 0.4293073229864242,
                "std": 0.35953021133323526
            },
            "signal_interference": {
                "mean": 0.3248865198889591,
                "std": 0.21918724771312548
            },
            "movement_sightings": {
                "mean": 0.53370583685894,
                "std": 0.20579131503613138
            },
            "debris_density": {
                "mean": 0.42897710293016533,
                "std": 0.3122611628985716
            },
            "hazard_gradient": {
                "mean": 0.2332052050667192,
                "std": 0.14364248452522513
            }
        }
    }
}