{
    "metadata": {
        "policy_name": "EvacuationPolicy",
        "experiment_id": "20250304_1609",
        "city_size": 20,
        "run_id": 79
    },
    "performance": {
        "success": false,
        "time_taken": 226.60008686730077,
        "path_length": 74.881948577879
    },
    "resource_details": {
        "explosives": {
            "allocated": 2,
            "used": 2,
            "efficiency": 1.0
        },
        "ammo": {
            "allocated": 1,
            "used": 1,
            "efficiency": 1.0
        },
        "radiation_suits": {
            "allocated": 1,
            "used": 1,
            "efficiency": 1.0
        }
    },
    "proxy_metrics": {
        "nodes": {
            "seismic_activity": {
                "mean": 0.41827708633246685,
                "std": 0.3413622162944376
            },
            "radiation_readings": {
                "mean": 0.5128559906158762,
                "std": 0.21379206715570281
            },
            "population_density": {
                "mean": 0.2884224647071482,
                "std": 0.13407256270358256
            },
            "emergency_calls": {
                "mean": 0.8633901258513557,
                "std": 0.1784767549336297
            },
            "thermal_readings": {
                "mean": 0.4504339032690023,
                "std": 0.14276288489159855
            },
            "signal_strength": {
                "mean": 0.5392167479951183,
                "std": 0.22509702079583946
            },
            "structural_integrity": {
                "mean": 0.584657889313373,
                "std": 0.332517978102351
            }
        },
        "edges": {
            "structural_damage": {
                "mean": 0.5129221816383371,
                "std": 0.3651021533553199
            },
            "signal_interference": {
                "mean": 0.409126477724129,
                "std": 0.19451763385034096
            },
            "movement_sightings": {
                "mean": 0.507835640024722,
                "std": 0.22651611398996815
            },
            "debris_density": {
                "mean": 0.5216575357850837,
                "std": 0.3071314878938401
            },
            "hazard_gradient": {
                "mean": 0.2651486513728132,
                "std": 0.12116299235246847
            }
        }
    }
}