{
    "metadata": {
        "policy_name": "EvacuationPolicy",
        "experiment_id": "20250304_1609",
        "city_size": 30,
        "run_id": 97
    },
    "performance": {
        "success": false,
        "time_taken": 33.28282502418534,
        "path_length": 19.95539380410668
    },
    "resource_details": {
        "explosives": {
            "allocated": 3,
            "used": 3,
            "efficiency": 1.0
        },
        "ammo": {
            "allocated": 1,
            "used": 1,
            "efficiency": 1.0
        },
        "radiation_suits": {
            "allocated": 2,
            "used": 2,
            "efficiency": 1.0
        }
    },
    "proxy_metrics": {
        "nodes": {
            "seismic_activity": {
                "mean": 0.4316121351646881,
                "std": 0.29623635987462343
            },
            "radiation_readings": {
                "mean": 0.24526992292708763,
                "std": 0.32325831743589406
            },
            "population_density": {
                "mean": 0.28251731832434884,
                "std": 0.17326789914340274
            },
            "emergency_calls": {
                "mean": 0.633418791939088,
                "std": 0.3122704853830041
            },
            "thermal_readings": {
                "mean": 0.45912342299627507,
                "std": 0.14320351991814512
            },
            "signal_strength": {
                "mean": 0.6605005572747049,
                "std": 0.21439829976004957
            },
            "structural_integrity": {
                "mean": 0.5863594267102151,
                "std": 0.28339885571722473
            }
        },
        "edges": {
            "structural_damage": {
                "mean": 0.5144703666956867,
                "std": 0.39195359933442536
            },
            "signal_interference": {
                "mean": 0.23894522577285635,
                "std": 0.21731658589250333
            },
            "movement_sightings": {
                "mean": 0.5458489259836159,
                "std": 0.2042425609055372
            },
            "debris_density": {
                "mean": 0.48820487830289416,
                "std": 0.3452297573343745
            },
            "hazard_gradient": {
                "mean": 0.1854360177120837,
                "std": 0.13961316170481047
            }
        }
    }
}