{
    "metadata": {
        "policy_name": "EvacuationPolicy",
        "experiment_id": "20250304_1609",
        "city_size": 37,
        "run_id": 56
    },
    "performance": {
        "success": false,
        "time_taken": 215.89887700657493,
        "path_length": 61.15351301244397
    },
    "resource_details": {
        "explosives": {
            "allocated": 3,
            "used": 3,
            "efficiency": 1.0
        },
        "ammo": {
            "allocated": 1,
            "used": 1,
            "efficiency": 1.0
        },
        "radiation_suits": {
            "allocated": 3,
            "used": 3,
            "efficiency": 1.0
        }
    },
    "proxy_metrics": {
        "nodes": {
            "seismic_activity": {
                "mean": 0.3849421670291027,
                "std": 0.2561402086465332
            },
            "radiation_readings": {
                "mean": 0.34900143129743194,
                "std": 0.31990649717628367
            },
            "population_density": {
                "mean": 0.2336304605015478,
                "std": 0.16748942947647796
            },
            "emergency_calls": {
                "mean": 0.7508193237787018,
                "std": 0.279695175484398
            },
            "thermal_readings": {
                "mean": 0.3810227526804633,
                "std": 0.17132141913914478
            },
            "signal_strength": {
                "mean": 0.6389699143344089,
                "std": 0.1902262343002739
            },
            "structural_integrity": {
                "mean": 0.6046396988020147,
                "std": 0.24809356581198141
            }
        },
        "edges": {
            "structural_damage": {
                "mean": 0.49974568453312807,
                "std": 0.32981525398688083
            },
            "signal_interference": {
                "mean": 0.3106073782408214,
                "std": 0.2288026628563937
            },
            "movement_sightings": {
                "mean": 0.511016776186268,
                "std": 0.26715047083581045
            },
            "debris_density": {
                "mean": 0.492545002546987,
                "std": 0.27500757760839695
            },
            "hazard_gradient": {
                "mean": 0.21808971975392463,
                "std": 0.1276068175122053
            }
        }
    }
}