{
    "metadata": {
        "policy_name": "EvacuationPolicy",
        "experiment_id": "20250304_1609",
        "city_size": 31,
        "run_id": 69
    },
    "performance": {
        "success": false,
        "time_taken": 29.079501845716283,
        "path_length": 17.17353622808165
    },
    "resource_details": {
        "explosives": {
            "allocated": 0,
            "used": 0,
            "efficiency": 0
        },
        "ammo": {
            "allocated": 0,
            "used": 0,
            "efficiency": 0
        },
        "radiation_suits": {
            "allocated": 0,
            "used": 0,
            "efficiency": 0
        }
    },
    "proxy_metrics": {
        "nodes": {
            "seismic_activity": {
                "mean": 0.4188810539862971,
                "std": 0.26886694268296696
            },
            "radiation_readings": {
                "mean": 0.49229502964956134,
                "std": 0.23872143646119848
            },
            "population_density": {
                "mean": 0.31550957930915174,
                "std": 0.21048715388074968
            },
            "emergency_calls": {
                "mean": 0.8833558588292649,
                "std": 0.08257866490785684
            },
            "thermal_readings": {
                "mean": 0.4745704918146385,
                "std": 0.18142179049300797
            },
            "signal_strength": {
                "mean": 0.5707534755240972,
                "std": 0.14855416531037274
            },
            "structural_integrity": {
                "mean": 0.5725137477656895,
                "std": 0.2473064261758716
            }
        },
        "edges": {
            "structural_damage": {
                "mean": 0.5046034934003919,
                "std": 0.39192947243849424
            },
            "signal_interference": {
                "mean": 0.40981826375971037,
                "std": 0.19390465509939042
            },
            "movement_sightings": {
                "mean": 0.6078105573231491,
                "std": 0.23487815630580436
            },
            "debris_density": {
                "mean": 0.49769295076475434,
                "std": 0.3463726509544558
            },
            "hazard_gradient": {
                "mean": 0.22622222146238682,
                "std": 0.13415326289808352
            }
        }
    }
}