{
    "metadata": {
        "policy_name": "EvacuationPolicy",
        "experiment_id": "20250304_1609",
        "city_size": 44,
        "run_id": 65
    },
    "performance": {
        "success": false,
        "time_taken": 77.92766252115116,
        "path_length": 49.052202728766744
    },
    "resource_details": {
        "explosives": {
            "allocated": 0,
            "used": 0,
            "efficiency": 0
        },
        "ammo": {
            "allocated": 2,
            "used": 2,
            "efficiency": 1.0
        },
        "radiation_suits": {
            "allocated": 0,
            "used": 0,
            "efficiency": 0
        }
    },
    "proxy_metrics": {
        "nodes": {
            "seismic_activity": {
                "mean": 0.38341674079974336,
                "std": 0.25877254290061485
            },
            "radiation_readings": {
                "mean": 0.3915352691011966,
                "std": 0.3003510270669854
            },
            "population_density": {
                "mean": 0.15286827673951142,
                "std": 0.13365411133677726
            },
            "emergency_calls": {
                "mean": 0.6912461995996382,
                "std": 0.3127411528770642
            },
            "thermal_readings": {
                "mean": 0.35067524059310234,
                "std": 0.13061521412548235
            },
            "signal_strength": {
                "mean": 0.5884177984581165,
                "std": 0.1665721766596701
            },
            "structural_integrity": {
                "mean": 0.6338296137897423,
                "std": 0.2601212830546183
            }
        },
        "edges": {
            "structural_damage": {
                "mean": 0.4554975277995924,
                "std": 0.33344268596920185
            },
            "signal_interference": {
                "mean": 0.33896789047268544,
                "std": 0.21752899947435403
            },
            "movement_sightings": {
                "mean": 0.37826393959953236,
                "std": 0.1807377723682771
            },
            "debris_density": {
                "mean": 0.43654165050859206,
                "std": 0.2621792468174369
            },
            "hazard_gradient": {
                "mean": 0.2162305878265553,
                "std": 0.1475825156068057
            }
        }
    }
}