{
    "metadata": {
        "policy_name": "EvacuationPolicy",
        "experiment_id": "20250304_1609",
        "city_size": 23,
        "run_id": 48
    },
    "performance": {
        "success": false,
        "time_taken": 88.08241966167691,
        "path_length": 28.12826675154241
    },
    "resource_details": {
        "explosives": {
            "allocated": 1,
            "used": 1,
            "efficiency": 1.0
        },
        "ammo": {
            "allocated": 1,
            "used": 1,
            "efficiency": 1.0
        },
        "radiation_suits": {
            "allocated": 1,
            "used": 1,
            "efficiency": 1.0
        }
    },
    "proxy_metrics": {
        "nodes": {
            "seismic_activity": {
                "mean": 0.4169006608864964,
                "std": 0.33320730898918277
            },
            "radiation_readings": {
                "mean": 0.39767274055166324,
                "std": 0.28735287787312186
            },
            "population_density": {
                "mean": 0.28657629122034234,
                "std": 0.16737000074033295
            },
            "emergency_calls": {
                "mean": 0.7838453565239094,
                "std": 0.24429073426877093
            },
            "thermal_readings": {
                "mean": 0.44379399507329576,
                "std": 0.12849822574606137
            },
            "signal_strength": {
                "mean": 0.5871086650290863,
                "std": 0.24435552189501494
            },
            "structural_integrity": {
                "mean": 0.5798180765629587,
                "std": 0.3249828782568505
            }
        },
        "edges": {
            "structural_damage": {
                "mean": 0.4820989884529635,
                "std": 0.37267431549029856
            },
            "signal_interference": {
                "mean": 0.323666883276793,
                "std": 0.22687492914767596
            },
            "movement_sightings": {
                "mean": 0.560614084122503,
                "std": 0.2249294022807211
            },
            "debris_density": {
                "mean": 0.48861392821973415,
                "std": 0.3347071525283202
            },
            "hazard_gradient": {
                "mean": 0.2269658580096674,
                "std": 0.1645793980266732
            }
        }
    }
}