{
    "metadata": {
        "policy_name": "EvacuationPolicy",
        "experiment_id": "20250304_1609",
        "city_size": 40,
        "run_id": 24
    },
    "performance": {
        "success": false,
        "time_taken": 52.309250907929204,
        "path_length": 23.796937694300432
    },
    "resource_details": {
        "explosives": {
            "allocated": 0,
            "used": 0,
            "efficiency": 0
        },
        "ammo": {
            "allocated": 1,
            "used": 1,
            "efficiency": 1.0
        },
        "radiation_suits": {
            "allocated": 5,
            "used": 5,
            "efficiency": 1.0
        }
    },
    "proxy_metrics": {
        "nodes": {
            "seismic_activity": {
                "mean": 0.42926303958323453,
                "std": 0.2822391051159112
            },
            "radiation_readings": {
                "mean": 0.43703916984636787,
                "std": 0.2955072385457478
            },
            "population_density": {
                "mean": 0.15358363026984573,
                "std": 0.12736007946653627
            },
            "emergency_calls": {
                "mean": 0.7176435824397168,
                "std": 0.30440164918512913
            },
            "thermal_readings": {
                "mean": 0.32157404587376026,
                "std": 0.12250121056937863
            },
            "signal_strength": {
                "mean": 0.5770400219555141,
                "std": 0.2142117225331612
            },
            "structural_integrity": {
                "mean": 0.5690141629329208,
                "std": 0.3038145111642658
            }
        },
        "edges": {
            "structural_damage": {
                "mean": 0.5219963303132822,
                "std": 0.32272797349817023
            },
            "signal_interference": {
                "mean": 0.3551855563961226,
                "std": 0.20777090333217205
            },
            "movement_sightings": {
                "mean": 0.35098843504264304,
                "std": 0.20819995326962698
            },
            "debris_density": {
                "mean": 0.5168690438213929,
                "std": 0.2570508880830451
            },
            "hazard_gradient": {
                "mean": 0.20732384432773107,
                "std": 0.1300141601156539
            }
        }
    }
}