{
    "metadata": {
        "policy_name": "EvacuationPolicy",
        "experiment_id": "20250304_1609",
        "city_size": 49,
        "run_id": 89
    },
    "performance": {
        "success": false,
        "time_taken": 19.86074990229843,
        "path_length": 9.847016089465091
    },
    "resource_details": {
        "explosives": {
            "allocated": 2,
            "used": 2,
            "efficiency": 1.0
        },
        "ammo": {
            "allocated": 2,
            "used": 2,
            "efficiency": 1.0
        },
        "radiation_suits": {
            "allocated": 2,
            "used": 2,
            "efficiency": 1.0
        }
    },
    "proxy_metrics": {
        "nodes": {
            "seismic_activity": {
                "mean": 0.42598547623219885,
                "std": 0.2428254579326537
            },
            "radiation_readings": {
                "mean": 0.42959006387757537,
                "std": 0.29195051737765143
            },
            "population_density": {
                "mean": 0.22615358273190672,
                "std": 0.19292553222957298
            },
            "emergency_calls": {
                "mean": 0.7236962751537748,
                "std": 0.307239090431639
            },
            "thermal_readings": {
                "mean": 0.37877729906156693,
                "std": 0.20568965075279075
            },
            "signal_strength": {
                "mean": 0.5738778580694723,
                "std": 0.1649658440349821
            },
            "structural_integrity": {
                "mean": 0.5786544342230959,
                "std": 0.24858345432280546
            }
        },
        "edges": {
            "structural_damage": {
                "mean": 0.5132117048525933,
                "std": 0.36298180326940493
            },
            "signal_interference": {
                "mean": 0.363569526805573,
                "std": 0.19322473783427568
            },
            "movement_sightings": {
                "mean": 0.4828991767469858,
                "std": 0.2799470476879088
            },
            "debris_density": {
                "mean": 0.4942189393863895,
                "std": 0.31182570418172584
            },
            "hazard_gradient": {
                "mean": 0.2372635673252035,
                "std": 0.1329079835170122
            }
        }
    }
}