{
    "metadata": {
        "policy_name": "EvacuationPolicy",
        "experiment_id": "20250304_1609",
        "city_size": 34,
        "run_id": 85
    },
    "performance": {
        "success": false,
        "time_taken": 193.41789127339223,
        "path_length": 88.31278004590229
    },
    "resource_details": {
        "explosives": {
            "allocated": 3,
            "used": 3,
            "efficiency": 1.0
        },
        "ammo": {
            "allocated": 0,
            "used": 0,
            "efficiency": 0
        },
        "radiation_suits": {
            "allocated": 1,
            "used": 1,
            "efficiency": 1.0
        }
    },
    "proxy_metrics": {
        "nodes": {
            "seismic_activity": {
                "mean": 0.3910005339474285,
                "std": 0.2536457294785641
            },
            "radiation_readings": {
                "mean": 0.4503211414570076,
                "std": 0.2892450757588825
            },
            "population_density": {
                "mean": 0.19396654111557415,
                "std": 0.14474801029989473
            },
            "emergency_calls": {
                "mean": 0.7367234285436114,
                "std": 0.3328680458373346
            },
            "thermal_readings": {
                "mean": 0.32258531814515234,
                "std": 0.14903560363218935
            },
            "signal_strength": {
                "mean": 0.5918932806317794,
                "std": 0.20589550888980765
            },
            "structural_integrity": {
                "mean": 0.6139931813038437,
                "std": 0.2554759086553699
            }
        },
        "edges": {
            "structural_damage": {
                "mean": 0.5013401654701108,
                "std": 0.3762297059464238
            },
            "signal_interference": {
                "mean": 0.35405209656677117,
                "std": 0.22042525502565669
            },
            "movement_sightings": {
                "mean": 0.5543468254942987,
                "std": 0.18908642374635196
            },
            "debris_density": {
                "mean": 0.48720302621658595,
                "std": 0.327574508805402
            },
            "hazard_gradient": {
                "mean": 0.24065709503993735,
                "std": 0.14270720711433235
            }
        }
    }
}