{
    "metadata": {
        "policy_name": "EvacuationPolicy",
        "experiment_id": "20250304_1609",
        "city_size": 48,
        "run_id": 88
    },
    "performance": {
        "success": false,
        "time_taken": 3.302714179915979,
        "path_length": 2.853250439047563
    },
    "resource_details": {
        "explosives": {
            "allocated": 1,
            "used": 1,
            "efficiency": 1.0
        },
        "ammo": {
            "allocated": 4,
            "used": 4,
            "efficiency": 1.0
        },
        "radiation_suits": {
            "allocated": 0,
            "used": 0,
            "efficiency": 0
        }
    },
    "proxy_metrics": {
        "nodes": {
            "seismic_activity": {
                "mean": 0.5204828845083317,
                "std": 0.28106044727004215
            },
            "radiation_readings": {
                "mean": 0.38900727425849907,
                "std": 0.3104481201613427
            },
            "population_density": {
                "mean": 0.21109956960964957,
                "std": 0.209411901089944
            },
            "emergency_calls": {
                "mean": 0.7229902887725083,
                "std": 0.3020194768847811
            },
            "thermal_readings": {
                "mean": 0.3826551930093535,
                "std": 0.18686457232422843
            },
            "signal_strength": {
                "mean": 0.5383288285982334,
                "std": 0.24125396835439133
            },
            "structural_integrity": {
                "mean": 0.5055208778260217,
                "std": 0.281645934824724
            }
        },
        "edges": {
            "structural_damage": {
                "mean": 0.5580926360204964,
                "std": 0.3475806043499876
            },
            "signal_interference": {
                "mean": 0.34405553307101217,
                "std": 0.22637543778560018
            },
            "movement_sightings": {
                "mean": 0.457032185868798,
                "std": 0.2369414174049828
            },
            "debris_density": {
                "mean": 0.5500574743854092,
                "std": 0.28905186608313166
            },
            "hazard_gradient": {
                "mean": 0.21993247658179302,
                "std": 0.14029872767316146
            }
        }
    }
}