{
    "metadata": {
        "policy_name": "EvacuationPolicy",
        "experiment_id": "20250304_1609",
        "city_size": 40,
        "run_id": 38
    },
    "performance": {
        "success": false,
        "time_taken": 54.8363348667089,
        "path_length": 26.65018406049854
    },
    "resource_details": {
        "explosives": {
            "allocated": 3,
            "used": 3,
            "efficiency": 1.0
        },
        "ammo": {
            "allocated": 0,
            "used": 0,
            "efficiency": 0
        },
        "radiation_suits": {
            "allocated": 1,
            "used": 1,
            "efficiency": 1.0
        }
    },
    "proxy_metrics": {
        "nodes": {
            "seismic_activity": {
                "mean": 0.3625449343457122,
                "std": 0.3006735043685914
            },
            "radiation_readings": {
                "mean": 0.4415760367737162,
                "std": 0.2823259824424461
            },
            "population_density": {
                "mean": 0.23603801713809794,
                "std": 0.15292475503826228
            },
            "emergency_calls": {
                "mean": 0.696395647079869,
                "std": 0.3599268501629659
            },
            "thermal_readings": {
                "mean": 0.3835240500277625,
                "std": 0.14763164144789973
            },
            "signal_strength": {
                "mean": 0.6034848089677803,
                "std": 0.23924359348246022
            },
            "structural_integrity": {
                "mean": 0.6523119017620349,
                "std": 0.3045513737904951
            }
        },
        "edges": {
            "structural_damage": {
                "mean": 0.46572582496141735,
                "std": 0.35931526931187197
            },
            "signal_interference": {
                "mean": 0.3698730157127982,
                "std": 0.21688758192980329
            },
            "movement_sightings": {
                "mean": 0.48528680684244946,
                "std": 0.20429329092573342
            },
            "debris_density": {
                "mean": 0.49811802500134267,
                "std": 0.3134967313873931
            },
            "hazard_gradient": {
                "mean": 0.21690631316138345,
                "std": 0.13247228804859454
            }
        }
    }
}