{
    "metadata": {
        "policy_name": "EvacuationPolicy",
        "experiment_id": "20250304_1609",
        "city_size": 33,
        "run_id": 40
    },
    "performance": {
        "success": false,
        "time_taken": 394.3022323952975,
        "path_length": 64.13445418097488
    },
    "resource_details": {
        "explosives": {
            "allocated": 4,
            "used": 4,
            "efficiency": 1.0
        },
        "ammo": {
            "allocated": 3,
            "used": 3,
            "efficiency": 1.0
        },
        "radiation_suits": {
            "allocated": 4,
            "used": 4,
            "efficiency": 1.0
        }
    },
    "proxy_metrics": {
        "nodes": {
            "seismic_activity": {
                "mean": 0.4720450497697685,
                "std": 0.33471886437610515
            },
            "radiation_readings": {
                "mean": 0.45493245090911905,
                "std": 0.29733697892704625
            },
            "population_density": {
                "mean": 0.09005582575193105,
                "std": 0.11054903230108089
            },
            "emergency_calls": {
                "mean": 0.7402815781513592,
                "std": 0.3195887395080693
            },
            "thermal_readings": {
                "mean": 0.2931115656762763,
                "std": 0.1467770413841903
            },
            "signal_strength": {
                "mean": 0.5244926649950298,
                "std": 0.26033077964144463
            },
            "structural_integrity": {
                "mean": 0.5319646489767689,
                "std": 0.3358255070269523
            }
        },
        "edges": {
            "structural_damage": {
                "mean": 0.5039136351794771,
                "std": 0.3630890438012513
            },
            "signal_interference": {
                "mean": 0.39717193011689483,
                "std": 0.23808384838476787
            },
            "movement_sightings": {
                "mean": 0.3816348460885017,
                "std": 0.1819739435363756
            },
            "debris_density": {
                "mean": 0.49994414490862465,
                "std": 0.3027001015448888
            },
            "hazard_gradient": {
                "mean": 0.18459914229525778,
                "std": 0.14438312740482276
            }
        }
    }
}