{
    "metadata": {
        "policy_name": "EvacuationPolicy",
        "experiment_id": "20250304_1609",
        "city_size": 28,
        "run_id": 60
    },
    "performance": {
        "success": false,
        "time_taken": 71.38938386256778,
        "path_length": 34.82332760300854
    },
    "resource_details": {
        "explosives": {
            "allocated": 1,
            "used": 1,
            "efficiency": 1.0
        },
        "ammo": {
            "allocated": 0,
            "used": 0,
            "efficiency": 0
        },
        "radiation_suits": {
            "allocated": 3,
            "used": 3,
            "efficiency": 1.0
        }
    },
    "proxy_metrics": {
        "nodes": {
            "seismic_activity": {
                "mean": 0.514613456727809,
                "std": 0.3236586404910768
            },
            "radiation_readings": {
                "mean": 0.28774537691831326,
                "std": 0.34040157512874747
            },
            "population_density": {
                "mean": 0.2003862384132515,
                "std": 0.14493752637644006
            },
            "emergency_calls": {
                "mean": 0.5835862497766169,
                "std": 0.3247303335379775
            },
            "thermal_readings": {
                "mean": 0.30901342182358854,
                "std": 0.15240550469705968
            },
            "signal_strength": {
                "mean": 0.571988820473866,
                "std": 0.2944459790534182
            },
            "structural_integrity": {
                "mean": 0.5012199956520026,
                "std": 0.30304927594004727
            }
        },
        "edges": {
            "structural_damage": {
                "mean": 0.5324040672245542,
                "std": 0.38019476199625624
            },
            "signal_interference": {
                "mean": 0.2862649980750418,
                "std": 0.23776273376846038
            },
            "movement_sightings": {
                "mean": 0.40231172386002434,
                "std": 0.22675393764642524
            },
            "debris_density": {
                "mean": 0.5152334657754342,
                "std": 0.34172094947946136
            },
            "hazard_gradient": {
                "mean": 0.19786639449861157,
                "std": 0.1449041724502435
            }
        }
    }
}