{
    "metadata": {
        "policy_name": "EvacuationPolicy",
        "experiment_id": "20250304_1609",
        "city_size": 35,
        "run_id": 14
    },
    "performance": {
        "success": false,
        "time_taken": 113.93026918764699,
        "path_length": 68.36727095248838
    },
    "resource_details": {
        "explosives": {
            "allocated": 1,
            "used": 1,
            "efficiency": 1.0
        },
        "ammo": {
            "allocated": 0,
            "used": 0,
            "efficiency": 0
        },
        "radiation_suits": {
            "allocated": 1,
            "used": 1,
            "efficiency": 1.0
        }
    },
    "proxy_metrics": {
        "nodes": {
            "seismic_activity": {
                "mean": 0.41980545597305224,
                "std": 0.23307741540543264
            },
            "radiation_readings": {
                "mean": 0.4850041243576202,
                "std": 0.27223306792794466
            },
            "population_density": {
                "mean": 0.18805414474011176,
                "std": 0.13050805666179005
            },
            "emergency_calls": {
                "mean": 0.781921663404763,
                "std": 0.251104728282325
            },
            "thermal_readings": {
                "mean": 0.33059243434674934,
                "std": 0.1378189940322947
            },
            "signal_strength": {
                "mean": 0.5818882462352135,
                "std": 0.14159046553428528
            },
            "structural_integrity": {
                "mean": 0.5842212690804294,
                "std": 0.23072027116363303
            }
        },
        "edges": {
            "structural_damage": {
                "mean": 0.5017042118886977,
                "std": 0.32806370484704983
            },
            "signal_interference": {
                "mean": 0.422481910241214,
                "std": 0.18118912506508508
            },
            "movement_sightings": {
                "mean": 0.4179164567071381,
                "std": 0.22136378516043245
            },
            "debris_density": {
                "mean": 0.5174804321405534,
                "std": 0.2637615523889479
            },
            "hazard_gradient": {
                "mean": 0.2309640340741029,
                "std": 0.11627519419022564
            }
        }
    }
}