{
    "metadata": {
        "policy_name": "EvacuationPolicy",
        "experiment_id": "20250304_1609",
        "city_size": 23,
        "run_id": 5
    },
    "performance": {
        "success": false,
        "time_taken": 33.95529530445993,
        "path_length": 13.008653336584683
    },
    "resource_details": {
        "explosives": {
            "allocated": 1,
            "used": 1,
            "efficiency": 1.0
        },
        "ammo": {
            "allocated": 1,
            "used": 1,
            "efficiency": 1.0
        },
        "radiation_suits": {
            "allocated": 1,
            "used": 1,
            "efficiency": 1.0
        }
    },
    "proxy_metrics": {
        "nodes": {
            "seismic_activity": {
                "mean": 0.6515705465262764,
                "std": 0.18600747076071292
            },
            "radiation_readings": {
                "mean": 0.40550492257937165,
                "std": 0.25841290575147924
            },
            "population_density": {
                "mean": 0.2414003099411966,
                "std": 0.12505696234686506
            },
            "emergency_calls": {
                "mean": 0.8027610297172653,
                "std": 0.2247586298208321
            },
            "thermal_readings": {
                "mean": 0.4054818588697108,
                "std": 0.19134602433930517
            },
            "signal_strength": {
                "mean": 0.4255911059247121,
                "std": 0.13628543425714243
            },
            "structural_integrity": {
                "mean": 0.32152956349228173,
                "std": 0.19186904744176914
            }
        },
        "edges": {
            "structural_damage": {
                "mean": 0.7236240825861185,
                "std": 0.2722334500269546
            },
            "signal_interference": {
                "mean": 0.42890769528102834,
                "std": 0.18300317582013312
            },
            "movement_sightings": {
                "mean": 0.5278079124440901,
                "std": 0.23812773238534862
            },
            "debris_density": {
                "mean": 0.6969080158761156,
                "std": 0.2198732954114312
            },
            "hazard_gradient": {
                "mean": 0.25664368429536305,
                "std": 0.10485313541917976
            }
        }
    }
}