{
    "metadata": {
        "policy_name": "EvacuationPolicy",
        "experiment_id": "20250304_1609",
        "city_size": 46,
        "run_id": 76
    },
    "performance": {
        "success": false,
        "time_taken": 198.57536032579586,
        "path_length": 63.33908263044663
    },
    "resource_details": {
        "explosives": {
            "allocated": 4,
            "used": 4,
            "efficiency": 1.0
        },
        "ammo": {
            "allocated": 4,
            "used": 4,
            "efficiency": 1.0
        },
        "radiation_suits": {
            "allocated": 1,
            "used": 1,
            "efficiency": 1.0
        }
    },
    "proxy_metrics": {
        "nodes": {
            "seismic_activity": {
                "mean": 0.20473252739358405,
                "std": 0.20904934951192922
            },
            "radiation_readings": {
                "mean": 0.31271791175080327,
                "std": 0.31201697609572704
            },
            "population_density": {
                "mean": 0.11555790565599347,
                "std": 0.12535840261461548
            },
            "emergency_calls": {
                "mean": 0.5834223578572203,
                "std": 0.3990121676187352
            },
            "thermal_readings": {
                "mean": 0.283880477118985,
                "std": 0.15778205022653344
            },
            "signal_strength": {
                "mean": 0.7772016764596991,
                "std": 0.19452915728541714
            },
            "structural_integrity": {
                "mean": 0.8011111681463889,
                "std": 0.20572632076974204
            }
        },
        "edges": {
            "structural_damage": {
                "mean": 0.2923640881877416,
                "std": 0.30979778459349544
            },
            "signal_interference": {
                "mean": 0.2542499525316123,
                "std": 0.21987602552138885
            },
            "movement_sightings": {
                "mean": 0.41776441823995886,
                "std": 0.2213041908981127
            },
            "debris_density": {
                "mean": 0.30396197623041926,
                "std": 0.2857071497703332
            },
            "hazard_gradient": {
                "mean": 0.18251918626093555,
                "std": 0.14405876478888482
            }
        }
    }
}