{
    "metadata": {
        "policy_name": "EvacuationPolicy",
        "experiment_id": "20250304_1609",
        "city_size": 28,
        "run_id": 87
    },
    "performance": {
        "success": false,
        "time_taken": 185.68311810352316,
        "path_length": 59.821663638512796
    },
    "resource_details": {
        "explosives": {
            "allocated": 3,
            "used": 3,
            "efficiency": 1.0
        },
        "ammo": {
            "allocated": 4,
            "used": 4,
            "efficiency": 1.0
        },
        "radiation_suits": {
            "allocated": 1,
            "used": 1,
            "efficiency": 1.0
        }
    },
    "proxy_metrics": {
        "nodes": {
            "seismic_activity": {
                "mean": 0.5466516737727506,
                "std": 0.3291331927292131
            },
            "radiation_readings": {
                "mean": 0.44768977421803263,
                "std": 0.30165980612597193
            },
            "population_density": {
                "mean": 0.37720743765275816,
                "std": 0.21777641088729027
            },
            "emergency_calls": {
                "mean": 0.761243083511504,
                "std": 0.3048487922751377
            },
            "thermal_readings": {
                "mean": 0.5710334873291735,
                "std": 0.18553224479398575
            },
            "signal_strength": {
                "mean": 0.4999693084784441,
                "std": 0.28151633452727726
            },
            "structural_integrity": {
                "mean": 0.4639919725298161,
                "std": 0.32052152144273893
            }
        },
        "edges": {
            "structural_damage": {
                "mean": 0.6244178077326336,
                "std": 0.35149959081427073
            },
            "signal_interference": {
                "mean": 0.40346428843170346,
                "std": 0.2540926330730898
            },
            "movement_sightings": {
                "mean": 0.6298734508896311,
                "std": 0.19525690028196618
            },
            "debris_density": {
                "mean": 0.5856994957009387,
                "std": 0.3038481460074526
            },
            "hazard_gradient": {
                "mean": 0.22570401932429562,
                "std": 0.13217314899177035
            }
        }
    }
}