{
    "metadata": {
        "policy_name": "EvacuationPolicy",
        "experiment_id": "20250304_1609",
        "city_size": 27,
        "run_id": 23
    },
    "performance": {
        "success": false,
        "time_taken": 174.890608086402,
        "path_length": 42.02659045609796
    },
    "resource_details": {
        "explosives": {
            "allocated": 3,
            "used": 3,
            "efficiency": 1.0
        },
        "ammo": {
            "allocated": 2,
            "used": 2,
            "efficiency": 1.0
        },
        "radiation_suits": {
            "allocated": 3,
            "used": 3,
            "efficiency": 1.0
        }
    },
    "proxy_metrics": {
        "nodes": {
            "seismic_activity": {
                "mean": 0.3687087368446362,
                "std": 0.2876666836920241
            },
            "radiation_readings": {
                "mean": 0.4641075281179919,
                "std": 0.3127253984737841
            },
            "population_density": {
                "mean": 0.16476736417085047,
                "std": 0.1537863013723064
            },
            "emergency_calls": {
                "mean": 0.7618513522709698,
                "std": 0.26891099371012145
            },
            "thermal_readings": {
                "mean": 0.32632395291512967,
                "std": 0.16277309083843303
            },
            "signal_strength": {
                "mean": 0.6261213468831325,
                "std": 0.23285770288794996
            },
            "structural_integrity": {
                "mean": 0.6429957401240933,
                "std": 0.280824555652321
            }
        },
        "edges": {
            "structural_damage": {
                "mean": 0.4628361428399157,
                "std": 0.35943627091409525
            },
            "signal_interference": {
                "mean": 0.35076450171462936,
                "std": 0.23810717713633195
            },
            "movement_sightings": {
                "mean": 0.4160380636088784,
                "std": 0.2207262384798165
            },
            "debris_density": {
                "mean": 0.46869060605284596,
                "std": 0.31271213250609603
            },
            "hazard_gradient": {
                "mean": 0.20752981008713964,
                "std": 0.1648008607955151
            }
        }
    }
}