{
    "metadata": {
        "policy_name": "EvacuationPolicy",
        "experiment_id": "20250304_1609",
        "city_size": 45,
        "run_id": 93
    },
    "performance": {
        "success": false,
        "time_taken": 62.758884185781106,
        "path_length": 30.169637679493206
    },
    "resource_details": {
        "explosives": {
            "allocated": 2,
            "used": 2,
            "efficiency": 1.0
        },
        "ammo": {
            "allocated": 1,
            "used": 1,
            "efficiency": 1.0
        },
        "radiation_suits": {
            "allocated": 2,
            "used": 2,
            "efficiency": 1.0
        }
    },
    "proxy_metrics": {
        "nodes": {
            "seismic_activity": {
                "mean": 0.17151158976616768,
                "std": 0.14575254303521828
            },
            "radiation_readings": {
                "mean": 0.3500721206042023,
                "std": 0.30720968031249085
            },
            "population_density": {
                "mean": 0.1963415151413122,
                "std": 0.16299625694629294
            },
            "emergency_calls": {
                "mean": 0.5941481098681715,
                "std": 0.38793154488607473
            },
            "thermal_readings": {
                "mean": 0.4024888990694331,
                "std": 0.16835305570456469
            },
            "signal_strength": {
                "mean": 0.7714502341684563,
                "std": 0.10584053078395338
            },
            "structural_integrity": {
                "mean": 0.838766441706574,
                "std": 0.13016891177664128
            }
        },
        "edges": {
            "structural_damage": {
                "mean": 0.2670954521738855,
                "std": 0.2893274876191008
            },
            "signal_interference": {
                "mean": 0.25533613498942176,
                "std": 0.1899054153201985
            },
            "movement_sightings": {
                "mean": 0.4443537264096201,
                "std": 0.23693462450275893
            },
            "debris_density": {
                "mean": 0.2816083732554358,
                "std": 0.22531862728867616
            },
            "hazard_gradient": {
                "mean": 0.20542873682867083,
                "std": 0.14234187338064086
            }
        }
    }
}