{
    "metadata": {
        "policy_name": "EvacuationPolicy",
        "experiment_id": "20250304_1609",
        "city_size": 43,
        "run_id": 16
    },
    "performance": {
        "success": false,
        "time_taken": 39.61953089067147,
        "path_length": 15.550843503942751
    },
    "resource_details": {
        "explosives": {
            "allocated": 4,
            "used": 4,
            "efficiency": 1.0
        },
        "ammo": {
            "allocated": 4,
            "used": 4,
            "efficiency": 1.0
        },
        "radiation_suits": {
            "allocated": 1,
            "used": 1,
            "efficiency": 1.0
        }
    },
    "proxy_metrics": {
        "nodes": {
            "seismic_activity": {
                "mean": 0.3460029150030423,
                "std": 0.25129911120649895
            },
            "radiation_readings": {
                "mean": 0.4602671639093584,
                "std": 0.2608195939790832
            },
            "population_density": {
                "mean": 0.2378078796182439,
                "std": 0.1617543380076956
            },
            "emergency_calls": {
                "mean": 0.7492795262602274,
                "std": 0.3147267867470632
            },
            "thermal_readings": {
                "mean": 0.4087236885402271,
                "std": 0.1761012752800877
            },
            "signal_strength": {
                "mean": 0.6059485177608371,
                "std": 0.21896704782617674
            },
            "structural_integrity": {
                "mean": 0.6590188449360024,
                "std": 0.2440130054862173
            }
        },
        "edges": {
            "structural_damage": {
                "mean": 0.4420685790687626,
                "std": 0.37332402041411006
            },
            "signal_interference": {
                "mean": 0.3673484598473332,
                "std": 0.20521734580989548
            },
            "movement_sightings": {
                "mean": 0.5206557868251253,
                "std": 0.27743124604406144
            },
            "debris_density": {
                "mean": 0.46190642627110806,
                "std": 0.33530457597734536
            },
            "hazard_gradient": {
                "mean": 0.25348572945368875,
                "std": 0.1364841060760264
            }
        }
    }
}