{
    "metadata": {
        "policy_name": "EvacuationPolicy",
        "experiment_id": "20250304_1609",
        "city_size": 39,
        "run_id": 62
    },
    "performance": {
        "success": false,
        "time_taken": 157.51037309159454,
        "path_length": 43.16812745427934
    },
    "resource_details": {
        "explosives": {
            "allocated": 5,
            "used": 5,
            "efficiency": 1.0
        },
        "ammo": {
            "allocated": 5,
            "used": 5,
            "efficiency": 1.0
        },
        "radiation_suits": {
            "allocated": 3,
            "used": 3,
            "efficiency": 1.0
        }
    },
    "proxy_metrics": {
        "nodes": {
            "seismic_activity": {
                "mean": 0.21014479715232467,
                "std": 0.16560468908270307
            },
            "radiation_readings": {
                "mean": 0.4872324646391715,
                "std": 0.2812368636235637
            },
            "population_density": {
                "mean": 0.1952613038711729,
                "std": 0.1780501226758885
            },
            "emergency_calls": {
                "mean": 0.7203486669293339,
                "std": 0.3469801448559058
            },
            "thermal_readings": {
                "mean": 0.392161916401876,
                "std": 0.20124101101205047
            },
            "signal_strength": {
                "mean": 0.7040001557907929,
                "std": 0.17050415061858
            },
            "structural_integrity": {
                "mean": 0.807207273074367,
                "std": 0.16010639820977945
            }
        },
        "edges": {
            "structural_damage": {
                "mean": 0.3413363116606992,
                "std": 0.29682028872597127
            },
            "signal_interference": {
                "mean": 0.35010283720375734,
                "std": 0.20614337254144416
            },
            "movement_sightings": {
                "mean": 0.41574218636156357,
                "std": 0.2504299046569187
            },
            "debris_density": {
                "mean": 0.3701163536818988,
                "std": 0.24964202798728682
            },
            "hazard_gradient": {
                "mean": 0.2114466147598969,
                "std": 0.140952877522071
            }
        }
    }
}