{
    "metadata": {
        "policy_name": "EvacuationPolicy",
        "experiment_id": "20250304_1609",
        "city_size": 40,
        "run_id": 90
    },
    "performance": {
        "success": false,
        "time_taken": 9.665265087442389,
        "path_length": 6.252975242853032
    },
    "resource_details": {
        "explosives": {
            "allocated": 4,
            "used": 4,
            "efficiency": 1.0
        },
        "ammo": {
            "allocated": 4,
            "used": 4,
            "efficiency": 1.0
        },
        "radiation_suits": {
            "allocated": 4,
            "used": 4,
            "efficiency": 1.0
        }
    },
    "proxy_metrics": {
        "nodes": {
            "seismic_activity": {
                "mean": 0.40994436296162684,
                "std": 0.22989117146469323
            },
            "radiation_readings": {
                "mean": 0.4372499593035589,
                "std": 0.302201039686461
            },
            "population_density": {
                "mean": 0.2372363744114554,
                "std": 0.18275485546509435
            },
            "emergency_calls": {
                "mean": 0.7021486892711781,
                "std": 0.3245103620287176
            },
            "thermal_readings": {
                "mean": 0.41074240913124244,
                "std": 0.19369255180306238
            },
            "signal_strength": {
                "mean": 0.5934929547937642,
                "std": 0.19130257244954393
            },
            "structural_integrity": {
                "mean": 0.6099920642525778,
                "std": 0.20530496723277414
            }
        },
        "edges": {
            "structural_damage": {
                "mean": 0.5079412940789853,
                "std": 0.3617557480686399
            },
            "signal_interference": {
                "mean": 0.35655878768499927,
                "std": 0.2132946469792566
            },
            "movement_sightings": {
                "mean": 0.5058429815177791,
                "std": 0.20710084341560023
            },
            "debris_density": {
                "mean": 0.5092663642681139,
                "std": 0.29027653169310946
            },
            "hazard_gradient": {
                "mean": 0.2309411607159299,
                "std": 0.12616645604275392
            }
        }
    }
}