{
    "metadata": {
        "policy_name": "EvacuationPolicy",
        "experiment_id": "20250304_1609",
        "city_size": 23,
        "run_id": 57
    },
    "performance": {
        "success": false,
        "time_taken": 80.38226372595547,
        "path_length": 39.94774876216334
    },
    "resource_details": {
        "explosives": {
            "allocated": 0,
            "used": 0,
            "efficiency": 0
        },
        "ammo": {
            "allocated": 0,
            "used": 0,
            "efficiency": 0
        },
        "radiation_suits": {
            "allocated": 1,
            "used": 1,
            "efficiency": 1.0
        }
    },
    "proxy_metrics": {
        "nodes": {
            "seismic_activity": {
                "mean": 0.39708424590617536,
                "std": 0.22632492585815212
            },
            "radiation_readings": {
                "mean": 0.42138379514758595,
                "std": 0.28423535904063296
            },
            "population_density": {
                "mean": 0.18797588281583563,
                "std": 0.13186046736455564
            },
            "emergency_calls": {
                "mean": 0.710079119361353,
                "std": 0.3060680779938568
            },
            "thermal_readings": {
                "mean": 0.3852158892957232,
                "std": 0.13179064908498356
            },
            "signal_strength": {
                "mean": 0.6255134009256137,
                "std": 0.16479819174946855
            },
            "structural_integrity": {
                "mean": 0.6165160156393495,
                "std": 0.22970964929708226
            }
        },
        "edges": {
            "structural_damage": {
                "mean": 0.4739213919109998,
                "std": 0.34805398326352543
            },
            "signal_interference": {
                "mean": 0.34628561945217573,
                "std": 0.18958018376125513
            },
            "movement_sightings": {
                "mean": 0.4990126561885971,
                "std": 0.20350118938559966
            },
            "debris_density": {
                "mean": 0.4788496227874525,
                "std": 0.2884784037010938
            },
            "hazard_gradient": {
                "mean": 0.23710543061185282,
                "std": 0.13332681184678466
            }
        }
    }
}