{
    "metadata": {
        "policy_name": "EvacuationPolicy",
        "experiment_id": "20250304_1609",
        "city_size": 38,
        "run_id": 36
    },
    "performance": {
        "success": false,
        "time_taken": 485.28491589414,
        "path_length": 105.98394564613751
    },
    "resource_details": {
        "explosives": {
            "allocated": 2,
            "used": 2,
            "efficiency": 1.0
        },
        "ammo": {
            "allocated": 2,
            "used": 2,
            "efficiency": 1.0
        },
        "radiation_suits": {
            "allocated": 3,
            "used": 3,
            "efficiency": 1.0
        }
    },
    "proxy_metrics": {
        "nodes": {
            "seismic_activity": {
                "mean": 0.2869715512849239,
                "std": 0.2775972429700979
            },
            "radiation_readings": {
                "mean": 0.348606044093462,
                "std": 0.2936556773828067
            },
            "population_density": {
                "mean": 0.21843455289234642,
                "std": 0.10003683797038075
            },
            "emergency_calls": {
                "mean": 0.6728798470479642,
                "std": 0.37784183296001755
            },
            "thermal_readings": {
                "mean": 0.3931421085631654,
                "std": 0.15405077363314906
            },
            "signal_strength": {
                "mean": 0.7096200173471333,
                "std": 0.23258997823043537
            },
            "structural_integrity": {
                "mean": 0.7329288987413399,
                "std": 0.26541630419133816
            }
        },
        "edges": {
            "structural_damage": {
                "mean": 0.3495620374597606,
                "std": 0.3545250307792079
            },
            "signal_interference": {
                "mean": 0.28477100136487415,
                "std": 0.2217512115168287
            },
            "movement_sightings": {
                "mean": 0.4409023397361474,
                "std": 0.16893000343070627
            },
            "debris_density": {
                "mean": 0.36228490374425665,
                "std": 0.32026104124232124
            },
            "hazard_gradient": {
                "mean": 0.2006370306499774,
                "std": 0.11943860300087297
            }
        }
    }
}