{
    "metadata": {
        "policy_name": "EvacuationPolicy",
        "experiment_id": "20250304_1609",
        "city_size": 30,
        "run_id": 52
    },
    "performance": {
        "success": false,
        "time_taken": 12.132586286073533,
        "path_length": 7.240540258102156
    },
    "resource_details": {
        "explosives": {
            "allocated": 1,
            "used": 1,
            "efficiency": 1.0
        },
        "ammo": {
            "allocated": 1,
            "used": 1,
            "efficiency": 1.0
        },
        "radiation_suits": {
            "allocated": 0,
            "used": 0,
            "efficiency": 0
        }
    },
    "proxy_metrics": {
        "nodes": {
            "seismic_activity": {
                "mean": 0.549682968533374,
                "std": 0.3355374248904201
            },
            "radiation_readings": {
                "mean": 0.4337343733298412,
                "std": 0.3086398779451936
            },
            "population_density": {
                "mean": 0.24565645804201303,
                "std": 0.12143947102798276
            },
            "emergency_calls": {
                "mean": 0.8471064510523679,
                "std": 0.1473209294199977
            },
            "thermal_readings": {
                "mean": 0.4156124009977308,
                "std": 0.13357448341249242
            },
            "signal_strength": {
                "mean": 0.5024551027505183,
                "std": 0.2479782410326224
            },
            "structural_integrity": {
                "mean": 0.4555589156412905,
                "std": 0.3566691241488969
            }
        },
        "edges": {
            "structural_damage": {
                "mean": 0.6036912326530588,
                "std": 0.3471861693028391
            },
            "signal_interference": {
                "mean": 0.40516898211363533,
                "std": 0.20589129374426024
            },
            "movement_sightings": {
                "mean": 0.5758803647818137,
                "std": 0.16279701529416654
            },
            "debris_density": {
                "mean": 0.595182373668486,
                "std": 0.28530279150680055
            },
            "hazard_gradient": {
                "mean": 0.23304620651032001,
                "std": 0.1136453191168628
            }
        }
    }
}