{
    "metadata": {
        "policy_name": "EvacuationPolicy",
        "experiment_id": "20250305_0900",
        "city_size": 33,
        "run_id": 0
    },
    "performance": {
        "success": false,
        "time_taken": 58.44465616153416,
        "path_length": 36.77235336714058
    },
    "resource_details": {
        "explosives": {
            "allocated": 0,
            "used": 0,
            "efficiency": 0
        },
        "ammo": {
            "allocated": 0,
            "used": 0,
            "efficiency": 0
        },
        "radiation_suits": {
            "allocated": 0,
            "used": 0,
            "efficiency": 0
        }
    },
    "proxy_metrics": {
        "nodes": {
            "seismic_activity": {
                "mean": 0.39095504444943935,
                "std": 0.2211293546713169
            },
            "radiation_readings": {
                "mean": 0.31307106624123865,
                "std": 0.3372633187293097
            },
            "population_density": {
                "mean": 0.22628770511009882,
                "std": 0.1790046594834313
            },
            "emergency_calls": {
                "mean": 0.6296282720955335,
                "std": 0.3476627851418435
            },
            "thermal_readings": {
                "mean": 0.4295593395938381,
                "std": 0.17489418081490815
            },
            "signal_strength": {
                "mean": 0.6475979943320459,
                "std": 0.21154220600819432
            },
            "structural_integrity": {
                "mean": 0.6007195971651241,
                "std": 0.19482447249353962
            }
        },
        "edges": {
            "structural_damage": {
                "mean": 0.5302243617549497,
                "std": 0.31056032284748575
            },
            "signal_interference": {
                "mean": 0.29331321059758975,
                "std": 0.22506686502255108
            },
            "movement_sightings": {
                "mean": 0.48375154235711926,
                "std": 0.25845994102437947
            },
            "debris_density": {
                "mean": 0.5174951441131794,
                "std": 0.2743051542838298
            },
            "hazard_gradient": {
                "mean": 0.19693943806847608,
                "std": 0.15075136756059146
            }
        }
    }
}