{
    "metadata": {
        "policy_name": "EvacuationPolicy",
        "experiment_id": "20250305_0948",
        "city_size": 42,
        "run_id": 88
    },
    "performance": {
        "success": false,
        "time_taken": 1274.2406910564284,
        "path_length": 147.23290450679403
    },
    "resource_details": {
        "explosives": {
            "allocated": 5,
            "used": 4,
            "efficiency": 0.8
        },
        "ammo": {
            "allocated": 5,
            "used": 5,
            "efficiency": 1.0
        },
        "radiation_suits": {
            "allocated": 5,
            "used": 5,
            "efficiency": 1.0
        }
    },
    "proxy_metrics": {
        "nodes": {
            "seismic_activity": {
                "mean": 0.6062089784227487,
                "std": 0.2833678881617682
            },
            "radiation_readings": {
                "mean": 0.462367487162867,
                "std": 0.25029508107361215
            },
            "population_density": {
                "mean": 0.27833104573834944,
                "std": 0.20075396610640306
            },
            "emergency_calls": {
                "mean": 0.8563515014898874,
                "std": 0.1794558770692336
            },
            "thermal_readings": {
                "mean": 0.43035963063109134,
                "std": 0.20474931824047918
            },
            "signal_strength": {
                "mean": 0.4488922378140226,
                "std": 0.1988265341969628
            },
            "structural_integrity": {
                "mean": 0.3864161888006771,
                "std": 0.2967733392450922
            }
        },
        "edges": {
            "structural_damage": {
                "mean": 0.6547042293700038,
                "std": 0.3409165792853228
            },
            "signal_interference": {
                "mean": 0.4267758308786097,
                "std": 0.19770782090972128
            },
            "movement_sightings": {
                "mean": 0.5929451815835272,
                "std": 0.2434367215105125
            },
            "debris_density": {
                "mean": 0.6515151855234985,
                "std": 0.2783374716399506
            },
            "hazard_gradient": {
                "mean": 0.2307238530210736,
                "std": 0.11918491264171217
            }
        }
    }
}