{
    "metadata": {
        "policy_name": "EvacuationPolicy",
        "experiment_id": "20250305_0948",
        "city_size": 37,
        "run_id": 38
    },
    "performance": {
        "success": true,
        "time_taken": 37.120369094725596,
        "path_length": 13.858841333949234
    },
    "resource_details": {
        "explosives": {
            "allocated": 3,
            "used": 0,
            "efficiency": 0.0
        },
        "ammo": {
            "allocated": 3,
            "used": 1,
            "efficiency": 0.3333333333333333
        },
        "radiation_suits": {
            "allocated": 3,
            "used": 2,
            "efficiency": 0.6666666666666666
        }
    },
    "proxy_metrics": {
        "nodes": {
            "seismic_activity": {
                "mean": 0.5594133854655765,
                "std": 0.279792968079762
            },
            "radiation_readings": {
                "mean": 0.35711922429005216,
                "std": 0.3319697623658554
            },
            "population_density": {
                "mean": 0.31930547451159746,
                "std": 0.15925747176890975
            },
            "emergency_calls": {
                "mean": 0.7110095357592248,
                "std": 0.2991932234402373
            },
            "thermal_readings": {
                "mean": 0.49639017482212006,
                "std": 0.12652091406095783
            },
            "signal_strength": {
                "mean": 0.509793712811803,
                "std": 0.28582535524464564
            },
            "structural_integrity": {
                "mean": 0.423347124168086,
                "std": 0.29241344354953885
            }
        },
        "edges": {
            "structural_damage": {
                "mean": 0.6259920609463613,
                "std": 0.3730326856899535
            },
            "signal_interference": {
                "mean": 0.3349527485693388,
                "std": 0.2445529332281203
            },
            "movement_sightings": {
                "mean": 0.5337502269287505,
                "std": 0.21311498423550454
            },
            "debris_density": {
                "mean": 0.6076082051379085,
                "std": 0.3358483336875336
            },
            "hazard_gradient": {
                "mean": 0.21136443027617455,
                "std": 0.1358929682375507
            }
        }
    }
}