{
    "metadata": {
        "timestamp": "2025-03-05T09:48:46.629039"
    },
    "indicators": {
        "nodes": {
            "0": {
                "seismic_activity": 0.6133514761886257,
                "radiation_readings": 0.06085543404680391,
                "population_density": 0.41424350821632133,
                "emergency_calls": 0.7049487837992536,
                "thermal_readings": 0.540866789793598,
                "signal_strength": 0.5088226027401618,
                "structural_integrity": 0.3279366525240267
            },
            "1": {
                "seismic_activity": 0.8247371875252516,
                "radiation_readings": 0.033696747673450905,
                "population_density": 0.09427192957574757,
                "emergency_calls": 0.7168121073020899,
                "thermal_readings": 0.4576786497267792,
                "signal_strength": 0.5782619993595495,
                "structural_integrity": 0.27698710518276504
            },
            "2": {
                "seismic_activity": 0.6706547779892594,
                "radiation_readings": 0.04653167984642595,
                "population_density": 0.2495563087678417,
                "emergency_calls": 0.884748907571342,
                "thermal_readings": 0.2534508925724727,
                "signal_strength": 0.5218419209470623,
                "structural_integrity": 0.30215313499734153
            },
            "3": {
                "seismic_activity": 0.9892314239128747,
                "radiation_readings": 0.2995662753755565,
                "population_density": 0.45646226958443414,
                "emergency_calls": 0.9984010991750721,
                "thermal_readings": 0.5399423490306638,
                "signal_strength": 0.16651210587340312,
                "structural_integrity": 0.0
            },
            "4": {
                "seismic_activity": 0.7792197978341361,
                "radiation_readings": 0.0,
                "population_density": 0.15970066592985305,
                "emergency_calls": 0.614634037904879,
                "thermal_readings": 0.5285476286265637,
                "signal_strength": 0.4148566889676097,
                "structural_integrity": 0.12484383875418341
            },
            "5": {
                "seismic_activity": 0.7390105708406406,
                "radiation_readings": 0.9674880054046521,
                "population_density": 0.12318898122312583,
                "emergency_calls": 0.9309119686682362,
                "thermal_readings": 0.4373618577408333,
                "signal_strength": 0.22169709264808904,
                "structural_integrity": 0.10072068866410615
            },
            "6": {
                "seismic_activity": 0.5149370585604486,
                "radiation_readings": 0.0,
                "population_density": 0.0752770065154418,
                "emergency_calls": 0.39646567938244753,
                "thermal_readings": 0.48729017137442554,
                "signal_strength": 0.6918589306743667,
                "structural_integrity": 0.5501670470971913
            },
            "7": {
                "seismic_activity": 0.8103629458437761,
                "radiation_readings": 0.027967085267418784,
                "population_density": 0.36681482642498475,
                "emergency_calls": 0.5602877082363337,
                "thermal_readings": 0.5219021132378475,
                "signal_strength": 0.5700711317906143,
                "structural_integrity": 0.024050855483598366
            },
            "8": {
                "seismic_activity": 0.8372864000630204,
                "radiation_readings": 0.6438093944551369,
                "population_density": 0.14853850040840294,
                "emergency_calls": 0.8386746747947552,
                "thermal_readings": 0.489796432493359,
                "signal_strength": 0.08994882825482688,
                "structural_integrity": 0.13568124629476402
            },
            "9": {
                "seismic_activity": 0.7558466813512318,
                "radiation_readings": 0.04738825459819446,
                "population_density": 0.10685052273577546,
                "emergency_calls": 0.1989558582441917,
                "thermal_readings": 0.5412763978675119,
                "signal_strength": 0.6602840240098788,
                "structural_integrity": 0.1688038408127887
            },
            "10": {
                "seismic_activity": 0.9723846199176268,
                "radiation_readings": 0.3371393493866876,
                "population_density": 0.39076674343801465,
                "emergency_calls": 0.8573859186725789,
                "thermal_readings": 0.5271436777765297,
                "signal_strength": 0.2983555252296562,
                "structural_integrity": 0.0
            },
            "11": {
                "seismic_activity": 1.0,
                "radiation_readings": 0.0,
                "population_density": 0.21304431664078402,
                "emergency_calls": 0.7066279418577284,
                "thermal_readings": 0.497634584568867,
                "signal_strength": 0.4089970472390598,
                "structural_integrity": 0.03128963386453337
            },
            "12": {
                "seismic_activity": 0.910824431462264,
                "radiation_readings": 1.0,
                "population_density": 0.04433290718992228,
                "emergency_calls": 0.8121028050071024,
                "thermal_readings": 0.3170401184997922,
                "signal_strength": 0.07039984097284555,
                "structural_integrity": 0.0
            },
            "13": {
                "seismic_activity": 0.975130823730776,
                "radiation_readings": 0.6006339218550905,
                "population_density": 0.05876598909235298,
                "emergency_calls": 0.9680185855679836,
                "thermal_readings": 0.48823716612051793,
                "signal_strength": 0.00841687770377876,
                "structural_integrity": 0.08720084888220353
            },
            "14": {
                "seismic_activity": 0.5562823981054391,
                "radiation_readings": 0.08647688355913516,
                "population_density": 0.3521434949051758,
                "emergency_calls": 0.6055900932187258,
                "thermal_readings": 0.3327681171804076,
                "signal_strength": 0.6354997244532938,
                "structural_integrity": 0.45625413838937195
            },
            "15": {
                "seismic_activity": 0.5589612747703658,
                "radiation_readings": 0.0,
                "population_density": 0.34202451258812555,
                "emergency_calls": 0.7272754257757866,
                "thermal_readings": 0.4569474835132162,
                "signal_strength": 0.5089266376011305,
                "structural_integrity": 0.3635673513420497
            },
            "16": {
                "seismic_activity": 0.9855135590872894,
                "radiation_readings": 0.0,
                "population_density": 0.12263041568234526,
                "emergency_calls": 0.6504378559821349,
                "thermal_readings": 0.2662065246502402,
                "signal_strength": 0.3272941890578949,
                "structural_integrity": 0.071250003834742
            },
            "17": {
                "seismic_activity": 0.7619742235003011,
                "radiation_readings": 0.6838660408289138,
                "population_density": 0.12803441578682306,
                "emergency_calls": 0.895773777058435,
                "thermal_readings": 0.2793364725277997,
                "signal_strength": 0.20704417510358175,
                "structural_integrity": 0.2632501059826612
            },
            "18": {
                "seismic_activity": 0.610230113209454,
                "radiation_readings": 0.0,
                "population_density": 0.5639576512849795,
                "emergency_calls": 0.38428669476339483,