{
    "metadata": {
        "experiment_id": "20250304_1542",
        "timestamp": "2025-03-04T15:42:23.484523",
        "configuration": {
            "node_range": {
                "min": 20,
                "max": 50
            },
            "n_runs": 100,
            "base_seed": 7354681
        },
        "total_runs": 5
    },
    "overall_performance": {
        "success_rate": 0.0,
        "avg_path_length": 40.329886325061274,
        "avg_time": 84.09831194170222
    },
    "resource_usage": {
        "avg_allocated": 9.8,
        "avg_used": 8.8,
        "avg_needed": 1.4,
        "efficiency": 0.25428571428571434
    }
}