{
    "metadata": {
        "policy_name": "EvacuationPolicy",
        "experiment_id": "20250304_1607",
        "city_size": 31,
        "run_id": 49
    },
    "performance": {
        "success": false,
        "time_taken": 0.0,
        "path_length": 0
    },
    "resource_details": {
        "explosives": {
            "allocated": 5,
            "used": 5,
            "efficiency": 1.0
        },
        "ammo": {
            "allocated": 0,
            "used": 0,
            "efficiency": 0
        },
        "radiation_suits": {
            "allocated": 5,
            "used": 5,
            "efficiency": 1.0
        }
    },
    "proxy_metrics": {
        "nodes": {
            "seismic_activity": {
                "mean": 0.2957295398148695,
                "std": 0.1688449947284145
            },
            "radiation_readings": {
                "mean": 0.3720012350511471,
                "std": 0.334795609853192
            },
            "population_density": {
                "mean": 0.09040017062020136,
                "std": 0.07487436513274
            },
            "emergency_calls": {
                "mean": 0.6677267021355028,
                "std": 0.3364710366598782
            },
            "thermal_readings": {
                "mean": 0.32294058216345367,
                "std": 0.1483820489870355
            },
            "signal_strength": {
                "mean": 0.6979217334439399,
                "std": 0.15793340086820726
            },
            "structural_integrity": {
                "mean": 0.7270855719366398,
                "std": 0.18101914540509886
            }
        },
        "edges": {
            "structural_damage": {
                "mean": 0.41892595329096355,
                "std": 0.3279890128574593
            },
            "signal_interference": {
                "mean": 0.28809058143182636,
                "std": 0.22477050770013568
            },
            "movement_sightings": {
                "mean": 0.2766275932613437,
                "std": 0.17316407589281968
            },
            "debris_density": {
                "mean": 0.43447552554580265,
                "std": 0.2678894504041467
            },
            "hazard_gradient": {
                "mean": 0.16012540647791657,
                "std": 0.13083074246504972
            }
        }
    }
}