{
    "metadata": {
        "policy_name": "EvacuationPolicy",
        "experiment_id": "20250305_0952",
        "city_size": 23,
        "run_id": 3
    },
    "performance": {
        "success": true,
        "time_taken": 295.9095341666397,
        "path_length": 57.94929911398046
    },
    "resource_details": {
        "explosives": {
            "allocated": 3,
            "used": 2,
            "efficiency": 0.6666666666666666
        },
        "ammo": {
            "allocated": 3,
            "used": 3,
            "efficiency": 1.0
        },
        "radiation_suits": {
            "allocated": 3,
            "used": 3,
            "efficiency": 1.0
        }
    },
    "proxy_metrics": {
        "nodes": {
            "seismic_activity": {
                "mean": 0.4924365674921509,
                "std": 0.3028159048509354
            },
            "radiation_readings": {
                "mean": 0.4152354356113841,
                "std": 0.2737536056399036
            },
            "population_density": {
                "mean": 0.30024763203484667,
                "std": 0.19695504379926917
            },
            "emergency_calls": {
                "mean": 0.6457930377512943,
                "std": 0.35854029545395455
            },
            "thermal_readings": {
                "mean": 0.45461987602217496,
                "std": 0.14773833833047376
            },
            "signal_strength": {
                "mean": 0.5534366881745924,
                "std": 0.26317872140456
            },
            "structural_integrity": {
                "mean": 0.5376368505693726,
                "std": 0.2931111020418801
            }
        },
        "edges": {
            "structural_damage": {
                "mean": 0.5582287918435862,
                "std": 0.35063846211348876
            },
            "signal_interference": {
                "mean": 0.3814748170442044,
                "std": 0.21522338584074677
            },
            "movement_sightings": {
                "mean": 0.5773697895105626,
                "std": 0.2620420427608585
            },
            "debris_density": {
                "mean": 0.5574350651425981,
                "std": 0.32332032319617865
            },
            "hazard_gradient": {
                "mean": 0.21827317131196147,
                "std": 0.1256087347906813
            }
        }
    }
}