{
    "metadata": {
        "policy_name": "EvacuationPolicy",
        "experiment_id": "20250305_0952",
        "city_size": 41,
        "run_id": 56
    },
    "performance": {
        "success": true,
        "time_taken": 62.52458513265652,
        "path_length": 19.640946693465885
    },
    "resource_details": {
        "explosives": {
            "allocated": 5,
            "used": 0,
            "efficiency": 0.0
        },
        "ammo": {
            "allocated": 5,
            "used": 2,
            "efficiency": 0.4
        },
        "radiation_suits": {
            "allocated": 5,
            "used": 2,
            "efficiency": 0.4
        }
    },
    "proxy_metrics": {
        "nodes": {
            "seismic_activity": {
                "mean": 0.2970995781706145,
                "std": 0.21911608715728303
            },
            "radiation_readings": {
                "mean": 0.4406102914897403,
                "std": 0.2577233129334253
            },
            "population_density": {
                "mean": 0.20626360118464568,
                "std": 0.1692304698357368
            },
            "emergency_calls": {
                "mean": 0.7509669393918781,
                "std": 0.30946415256832505
            },
            "thermal_readings": {
                "mean": 0.39358517632275875,
                "std": 0.17194372032398655
            },
            "signal_strength": {
                "mean": 0.6452366035360853,
                "std": 0.19905567031207846
            },
            "structural_integrity": {
                "mean": 0.708803749598143,
                "std": 0.23270249221818548
            }
        },
        "edges": {
            "structural_damage": {
                "mean": 0.4271487386237909,
                "std": 0.32279290042687825
            },
            "signal_interference": {
                "mean": 0.3565751119958355,
                "std": 0.20570807687775758
            },
            "movement_sightings": {
                "mean": 0.5760985498364739,
                "std": 0.19553698533835598
            },
            "debris_density": {
                "mean": 0.4482719105948967,
                "std": 0.2863836469871275
            },
            "hazard_gradient": {
                "mean": 0.22166179062286315,
                "std": 0.12830715988620361
            }
        }
    }
}