{
    "metadata": {
        "policy_name": "EvacuationPolicy",
        "experiment_id": "20250305_0952",
        "city_size": 36,
        "run_id": 21
    },
    "performance": {
        "success": false,
        "time_taken": 740.566116016514,
        "path_length": 112.38332239238098
    },
    "resource_details": {
        "explosives": {
            "allocated": 4,
            "used": 3,
            "efficiency": 0.75
        },
        "ammo": {
            "allocated": 4,
            "used": 4,
            "efficiency": 1.0
        },
        "radiation_suits": {
            "allocated": 4,
            "used": 3,
            "efficiency": 0.75
        }
    },
    "proxy_metrics": {
        "nodes": {
            "seismic_activity": {
                "mean": 0.4769135204972971,
                "std": 0.2550365099388773
            },
            "radiation_readings": {
                "mean": 0.3864877184764113,
                "std": 0.3345808990362825
            },
            "population_density": {
                "mean": 0.27033635307828796,
                "std": 0.1686464637112139
            },
            "emergency_calls": {
                "mean": 0.7514324029185314,
                "std": 0.2941402000324455
            },
            "thermal_readings": {
                "mean": 0.4703749117017153,
                "std": 0.19188370943726463
            },
            "signal_strength": {
                "mean": 0.5610641365423401,
                "std": 0.24058925672345344
            },
            "structural_integrity": {
                "mean": 0.517243881860463,
                "std": 0.27362256021539605
            }
        },
        "edges": {
            "structural_damage": {
                "mean": 0.5575210332288275,
                "std": 0.3449758033379519
            },
            "signal_interference": {
                "mean": 0.3388383534769001,
                "std": 0.2447740760398276
            },
            "movement_sightings": {
                "mean": 0.5594168880874354,
                "std": 0.21970483923334033
            },
            "debris_density": {
                "mean": 0.5526431156695832,
                "std": 0.2888248996443476
            },
            "hazard_gradient": {
                "mean": 0.2054995775108986,
                "std": 0.14385125588046654
            }
        }
    }
}