{
    "metadata": {
        "policy_name": "EvacuationPolicy",
        "experiment_id": "20250305_0952",
        "city_size": 37,
        "run_id": 65
    },
    "performance": {
        "success": true,
        "time_taken": 357.68226755302027,
        "path_length": 53.72972019397179
    },
    "resource_details": {
        "explosives": {
            "allocated": 5,
            "used": 3,
            "efficiency": 0.6
        },
        "ammo": {
            "allocated": 5,
            "used": 4,
            "efficiency": 0.8
        },
        "radiation_suits": {
            "allocated": 5,
            "used": 4,
            "efficiency": 0.8
        }
    },
    "proxy_metrics": {
        "nodes": {
            "seismic_activity": {
                "mean": 0.49315688892746157,
                "std": 0.22683225479605784
            },
            "radiation_readings": {
                "mean": 0.3585163279043059,
                "std": 0.3078090719449811
            },
            "population_density": {
                "mean": 0.2840314668542852,
                "std": 0.23755427309652352
            },
            "emergency_calls": {
                "mean": 0.7233554371724241,
                "std": 0.3074769203717872
            },
            "thermal_readings": {
                "mean": 0.4296066916615215,
                "std": 0.21203190763833973
            },
            "signal_strength": {
                "mean": 0.5743375538808755,
                "std": 0.20728082395036254
            },
            "structural_integrity": {
                "mean": 0.5012901702249518,
                "std": 0.2225084738390495
            }
        },
        "edges": {
            "structural_damage": {
                "mean": 0.5969901713172896,
                "std": 0.341625438347313
            },
            "signal_interference": {
                "mean": 0.34961442110786706,
                "std": 0.24139882409868957
            },
            "movement_sightings": {
                "mean": 0.5074040232678335,
                "std": 0.28302862292781267
            },
            "debris_density": {
                "mean": 0.5926634439772684,
                "std": 0.2899801025202169
            },
            "hazard_gradient": {
                "mean": 0.23154312000081345,
                "std": 0.11768182198475258
            }
        }
    }
}