{
    "metadata": {
        "policy_name": "EvacuationPolicy",
        "experiment_id": "20250305_0952",
        "city_size": 28,
        "run_id": 52
    },
    "performance": {
        "success": false,
        "time_taken": 654.7341414807647,
        "path_length": 126.75877770372614
    },
    "resource_details": {
        "explosives": {
            "allocated": 3,
            "used": 1,
            "efficiency": 0.3333333333333333
        },
        "ammo": {
            "allocated": 3,
            "used": 3,
            "efficiency": 1.0
        },
        "radiation_suits": {
            "allocated": 3,
            "used": 3,
            "efficiency": 1.0
        }
    },
    "proxy_metrics": {
        "nodes": {
            "seismic_activity": {
                "mean": 0.38912381041494765,
                "std": 0.29825282115859464
            },
            "radiation_readings": {
                "mean": 0.5500387966754338,
                "std": 0.19464876705806353
            },
            "population_density": {
                "mean": 0.3718959804657987,
                "std": 0.174557908113961
            },
            "emergency_calls": {
                "mean": 0.9140557582355641,
                "std": 0.05836651717268096
            },
            "thermal_readings": {
                "mean": 0.575455862937579,
                "std": 0.19130722351974608
            },
            "signal_strength": {
                "mean": 0.5458423014385124,
                "std": 0.243573065813896
            },
            "structural_integrity": {
                "mean": 0.6109905835081261,
                "std": 0.3175240622110902
            }
        },
        "edges": {
            "structural_damage": {
                "mean": 0.4486948369495407,
                "std": 0.39272945172230744
            },
            "signal_interference": {
                "mean": 0.40471712131766957,
                "std": 0.20486360833787398
            },
            "movement_sightings": {
                "mean": 0.5966196196942958,
                "std": 0.21388498873658776
            },
            "debris_density": {
                "mean": 0.46650078307009524,
                "std": 0.33180071631315533
            },
            "hazard_gradient": {
                "mean": 0.22091301250285597,
                "std": 0.14189544970461812
            }
        }
    }
}