{
    "metadata": {
        "policy_name": "EvacuationPolicy",
        "experiment_id": "20250305_0952",
        "city_size": 48,
        "run_id": 34
    },
    "performance": {
        "success": false,
        "time_taken": 683.0869956057189,
        "path_length": 104.86902614677393
    },
    "resource_details": {
        "explosives": {
            "allocated": 4,
            "used": 4,
            "efficiency": 1.0
        },
        "ammo": {
            "allocated": 4,
            "used": 4,
            "efficiency": 1.0
        },
        "radiation_suits": {
            "allocated": 4,
            "used": 2,
            "efficiency": 0.5
        }
    },
    "proxy_metrics": {
        "nodes": {
            "seismic_activity": {
                "mean": 0.38393458495777644,
                "std": 0.2898262109142151
            },
            "radiation_readings": {
                "mean": 0.3587790418039316,
                "std": 0.3239375637506114
            },
            "population_density": {
                "mean": 0.16955786488162516,
                "std": 0.1649957082450719
            },
            "emergency_calls": {
                "mean": 0.7369532173875007,
                "std": 0.25963374291220775
            },
            "thermal_readings": {
                "mean": 0.3190863802166181,
                "std": 0.1667822312475408
            },
            "signal_strength": {
                "mean": 0.6486536084221295,
                "std": 0.1872279205530998
            },
            "structural_integrity": {
                "mean": 0.6120144955538261,
                "std": 0.2954547283164766
            }
        },
        "edges": {
            "structural_damage": {
                "mean": 0.4407690186706935,
                "std": 0.35035528619367273
            },
            "signal_interference": {
                "mean": 0.2942015800698801,
                "std": 0.19439662827911391
            },
            "movement_sightings": {
                "mean": 0.4847850908757193,
                "std": 0.2546064602125973
            },
            "debris_density": {
                "mean": 0.4417923093498473,
                "std": 0.2828568123620616
            },
            "hazard_gradient": {
                "mean": 0.21085002448452314,
                "std": 0.15194755004869365
            }
        }
    }
}