{
    "metadata": {
        "policy_name": "EvacuationPolicy",
        "experiment_id": "20250305_0952",
        "city_size": 35,
        "run_id": 98
    },
    "performance": {
        "success": false,
        "time_taken": 0.0,
        "path_length": 0
    },
    "resource_details": {
        "explosives": {
            "allocated": 3,
            "used": 3,
            "efficiency": 1.0
        },
        "ammo": {
            "allocated": 3,
            "used": 3,
            "efficiency": 1.0
        },
        "radiation_suits": {
            "allocated": 3,
            "used": 3,
            "efficiency": 1.0
        }
    },
    "proxy_metrics": {
        "nodes": {
            "seismic_activity": {
                "mean": 0.2020305261172224,
                "std": 0.21186021598180999
            },
            "radiation_readings": {
                "mean": 0.4041034012132646,
                "std": 0.3418769214246136
            },
            "population_density": {
                "mean": 0.20443823506860354,
                "std": 0.1576766528146713
            },
            "emergency_calls": {
                "mean": 0.7001059742128088,
                "std": 0.32568649392186044
            },
            "thermal_readings": {
                "mean": 0.36044559651044294,
                "std": 0.1277791650116911
            },
            "signal_strength": {
                "mean": 0.7360784206248546,
                "std": 0.17064534645046067
            },
            "structural_integrity": {
                "mean": 0.81123872640694,
                "std": 0.19025754673615056
            }
        },
        "edges": {
            "structural_damage": {
                "mean": 0.24959375391018374,
                "std": 0.30836637660038413
            },
            "signal_interference": {
                "mean": 0.2929675308627629,
                "std": 0.21446032793446654
            },
            "movement_sightings": {
                "mean": 0.4530039734162703,
                "std": 0.2283071028459571
            },
            "debris_density": {
                "mean": 0.2723994933625493,
                "std": 0.26901883463282944
            },
            "hazard_gradient": {
                "mean": 0.19674167678486182,
                "std": 0.12528368604263515
            }
        }
    }
}