{
    "metadata": {
        "policy_name": "EvacuationPolicy",
        "experiment_id": "20250305_0952",
        "city_size": 38,
        "run_id": 14
    },
    "performance": {
        "success": true,
        "time_taken": 210.3599967361143,
        "path_length": 46.52751438767898
    },
    "resource_details": {
        "explosives": {
            "allocated": 4,
            "used": 0,
            "efficiency": 0.0
        },
        "ammo": {
            "allocated": 4,
            "used": 4,
            "efficiency": 1.0
        },
        "radiation_suits": {
            "allocated": 4,
            "used": 3,
            "efficiency": 0.75
        }
    },
    "proxy_metrics": {
        "nodes": {
            "seismic_activity": {
                "mean": 0.40659488285881,
                "std": 0.2504167319120382
            },
            "radiation_readings": {
                "mean": 0.3300186322559766,
                "std": 0.28893228396517007
            },
            "population_density": {
                "mean": 0.26513024874891494,
                "std": 0.15932330976585948
            },
            "emergency_calls": {
                "mean": 0.6964089437763014,
                "std": 0.2831115576308528
            },
            "thermal_readings": {
                "mean": 0.4051550972619213,
                "std": 0.16215020207305172
            },
            "signal_strength": {
                "mean": 0.6354119402429214,
                "std": 0.20157685611566523
            },
            "structural_integrity": {
                "mean": 0.5830383359378718,
                "std": 0.25063290672311894
            }
        },
        "edges": {
            "structural_damage": {
                "mean": 0.45515427995176316,
                "std": 0.33178399564923783
            },
            "signal_interference": {
                "mean": 0.3102405121995351,
                "std": 0.2204793530246307
            },
            "movement_sightings": {
                "mean": 0.47535154261377344,
                "std": 0.2272819084108277
            },
            "debris_density": {
                "mean": 0.44534789180792944,
                "std": 0.28332142287051165
            },
            "hazard_gradient": {
                "mean": 0.21776971623538222,
                "std": 0.13634668883033593
            }
        }
    }
}