{
    "metadata": {
        "policy_name": "EvacuationPolicy",
        "experiment_id": "20250304_1329",
        "city_size": 39,
        "run_id": 39
    },
    "performance": {
        "success": false,
        "time_taken": 0.0,
        "path_length": 0
    },
    "resource_details": {
        "explosives": {
            "allocated": 4,
            "used": 4,
            "efficiency": 1.0
        },
        "ammo": {
            "allocated": 4,
            "used": 4,
            "efficiency": 1.0
        },
        "radiation_suits": {
            "allocated": 4,
            "used": 4,
            "efficiency": 1.0
        }
    },
    "proxy_metrics": {
        "nodes": {
            "seismic_activity": {
                "mean": 0.36386291479433663,
                "std": 0.2795211476173913
            },
            "radiation_readings": {
                "mean": 0.3978164552278343,
                "std": 0.3113169164027415
            },
            "population_density": {
                "mean": 0.2125397468921792,
                "std": 0.14932916943738217
            },
            "emergency_calls": {
                "mean": 0.6733979957603429,
                "std": 0.3669462021415638
            },
            "thermal_readings": {
                "mean": 0.3741145232477306,
                "std": 0.16700338847414373
            },
            "signal_strength": {
                "mean": 0.6384740103405272,
                "std": 0.23753637158669885
            },
            "structural_integrity": {
                "mean": 0.6518358322871917,
                "std": 0.26137095776589847
            }
        },
        "edges": {
            "structural_damage": {
                "mean": 0.43766539898368867,
                "std": 0.3306658618652677
            },
            "signal_interference": {
                "mean": 0.32868519422285625,
                "std": 0.2297758294822648
            },
            "movement_sightings": {
                "mean": 0.48974699077963946,
                "std": 0.2099654129436052
            },
            "debris_density": {
                "mean": 0.4402486673480603,
                "std": 0.2858986040746706
            },
            "hazard_gradient": {
                "mean": 0.22107341304481068,
                "std": 0.11445140133032825
            }
        }
    }
}