{
    "metadata": {
        "policy_name": "EvacuationPolicy",
        "experiment_id": "20250304_1329",
        "city_size": 32,
        "run_id": 14
    },
    "performance": {
        "success": false,
        "time_taken": 0.0,
        "path_length": 0
    },
    "resource_details": {
        "explosives": {
            "allocated": 4,
            "used": 4,
            "efficiency": 1.0
        },
        "ammo": {
            "allocated": 4,
            "used": 4,
            "efficiency": 1.0
        },
        "radiation_suits": {
            "allocated": 4,
            "used": 4,
            "efficiency": 1.0
        }
    },
    "proxy_metrics": {
        "nodes": {
            "seismic_activity": {
                "mean": 0.5043434739937962,
                "std": 0.22488468930544703
            },
            "radiation_readings": {
                "mean": 0.3592856383253546,
                "std": 0.3178216476878587
            },
            "population_density": {
                "mean": 0.22106580690007727,
                "std": 0.12372326625200183
            },
            "emergency_calls": {
                "mean": 0.8115563549900248,
                "std": 0.12997899350345699
            },
            "thermal_readings": {
                "mean": 0.38304195883973774,
                "std": 0.17072180917145682
            },
            "signal_strength": {
                "mean": 0.5637259396550288,
                "std": 0.13915972701594845
            },
            "structural_integrity": {
                "mean": 0.47254446630607605,
                "std": 0.2312416604561474
            }
        },
        "edges": {
            "structural_damage": {
                "mean": 0.6107785850504778,
                "std": 0.35320259985457014
            },
            "signal_interference": {
                "mean": 0.3335696258470773,
                "std": 0.19596160054930786
            },
            "movement_sightings": {
                "mean": 0.561508097971381,
                "std": 0.20641848121159523
            },
            "debris_density": {
                "mean": 0.5911249470932648,
                "std": 0.2828331887374646
            },
            "hazard_gradient": {
                "mean": 0.17853333722002074,
                "std": 0.12634368951297587
            }
        }
    }
}