{
    "metadata": {
        "policy_name": "EvacuationPolicy",
        "experiment_id": "20250304_1556",
        "city_size": 26,
        "run_id": 13
    },
    "performance": {
        "success": false,
        "time_taken": 0.0,
        "path_length": 0
    },
    "resource_details": {
        "explosives": {
            "allocated": 4,
            "used": 4,
            "efficiency": 1.0
        },
        "ammo": {
            "allocated": 0,
            "used": 0,
            "efficiency": 0
        },
        "radiation_suits": {
            "allocated": 4,
            "used": 4,
            "efficiency": 1.0
        }
    },
    "proxy_metrics": {
        "nodes": {
            "seismic_activity": {
                "mean": 0.426804876733213,
                "std": 0.3071704745436262
            },
            "radiation_readings": {
                "mean": 0.4266681434784061,
                "std": 0.28250265842883326
            },
            "population_density": {
                "mean": 0.2071058405157477,
                "std": 0.1740200660413581
            },
            "emergency_calls": {
                "mean": 0.7254916709103123,
                "std": 0.3199569756321452
            },
            "thermal_readings": {
                "mean": 0.3974178705303729,
                "std": 0.16506273369467545
            },
            "signal_strength": {
                "mean": 0.5919168949464413,
                "std": 0.22953754726412767
            },
            "structural_integrity": {
                "mean": 0.5732406680066267,
                "std": 0.3121563367244721
            }
        },
        "edges": {
            "structural_damage": {
                "mean": 0.4908323943492536,
                "std": 0.35855154397997063
            },
            "signal_interference": {
                "mean": 0.3569208401941441,
                "std": 0.21268856645512305
            },
            "movement_sightings": {
                "mean": 0.5571216457423283,
                "std": 0.25258006402345173
            },
            "debris_density": {
                "mean": 0.49117342180028417,
                "std": 0.308565590218991
            },
            "hazard_gradient": {
                "mean": 0.2107305238454207,
                "std": 0.1396706477642206
            }
        }
    }
}