{
    "metadata": {
        "policy_name": "EvacuationPolicy",
        "experiment_id": "20250305_0953",
        "city_size": 50,
        "run_id": 44
    },
    "performance": {
        "success": false,
        "time_taken": 385.9840197226003,
        "path_length": 75.79851173184011
    },
    "resource_details": {
        "explosives": {
            "allocated": 2,
            "used": 1,
            "efficiency": 0.5
        },
        "ammo": {
            "allocated": 3,
            "used": 3,
            "efficiency": 1.0
        },
        "radiation_suits": {
            "allocated": 3,
            "used": 3,
            "efficiency": 1.0
        }
    },
    "proxy_metrics": {
        "nodes": {
            "seismic_activity": {
                "mean": 0.45337863599159683,
                "std": 0.24233825440739598
            },
            "radiation_readings": {
                "mean": 0.31591017362443946,
                "std": 0.3092946239612881
            },
            "population_density": {
                "mean": 0.23941128451284288,
                "std": 0.18384609926904127
            },
            "emergency_calls": {
                "mean": 0.7185037749394698,
                "std": 0.2801789570574708
            },
            "thermal_readings": {
                "mean": 0.41134989674611816,
                "std": 0.19811130216612807
            },
            "signal_strength": {
                "mean": 0.6242596578726036,
                "std": 0.224555588788737
            },
            "structural_integrity": {
                "mean": 0.5501372996024214,
                "std": 0.24792066011519576
            }
        },
        "edges": {
            "structural_damage": {
                "mean": 0.5051313548899768,
                "std": 0.3431089861322007
            },
            "signal_interference": {
                "mean": 0.2852756674150899,
                "std": 0.21576493183296677
            },
            "movement_sightings": {
                "mean": 0.5353092277179944,
                "std": 0.1939778863985554
            },
            "debris_density": {
                "mean": 0.4719614815791633,
                "std": 0.29912896108896925
            },
            "hazard_gradient": {
                "mean": 0.1930886683922955,
                "std": 0.13252769338060966
            }
        }
    }
}