{
    "metadata": {
        "policy_name": "EvacuationPolicy",
        "experiment_id": "20250305_0953",
        "city_size": 45,
        "run_id": 30
    },
    "performance": {
        "success": false,
        "time_taken": 533.102727804834,
        "path_length": 88.68230130346988
    },
    "resource_details": {
        "explosives": {
            "allocated": 5,
            "used": 2,
            "efficiency": 0.4
        },
        "ammo": {
            "allocated": 5,
            "used": 5,
            "efficiency": 1.0
        },
        "radiation_suits": {
            "allocated": 3,
            "used": 2,
            "efficiency": 0.6666666666666666
        }
    },
    "proxy_metrics": {
        "nodes": {
            "seismic_activity": {
                "mean": 0.43507608961853167,
                "std": 0.2575621153024716
            },
            "radiation_readings": {
                "mean": 0.3632595758138659,
                "std": 0.2939886704168504
            },
            "population_density": {
                "mean": 0.2291427396627774,
                "std": 0.11596471839819392
            },
            "emergency_calls": {
                "mean": 0.8026326799101082,
                "std": 0.21216236745478384
            },
            "thermal_readings": {
                "mean": 0.42264950857061107,
                "std": 0.16969528961425218
            },
            "signal_strength": {
                "mean": 0.6123464923751055,
                "std": 0.19574908915258032
            },
            "structural_integrity": {
                "mean": 0.5676441358983874,
                "std": 0.2634327813034841
            }
        },
        "edges": {
            "structural_damage": {
                "mean": 0.5396088885713304,
                "std": 0.34748854798573015
            },
            "signal_interference": {
                "mean": 0.3297121705665841,
                "std": 0.219094467504416
            },
            "movement_sightings": {
                "mean": 0.5425621691264909,
                "std": 0.17796330629875834
            },
            "debris_density": {
                "mean": 0.5391151044946467,
                "std": 0.2914395512908273
            },
            "hazard_gradient": {
                "mean": 0.2042497534624694,
                "std": 0.12181488373294236
            }
        }
    }
}