{
    "metadata": {
        "policy_name": "EvacuationPolicy",
        "experiment_id": "20250305_0953",
        "city_size": 33,
        "run_id": 82
    },
    "performance": {
        "success": false,
        "time_taken": 239.4465781032946,
        "path_length": 77.99030783624735
    },
    "resource_details": {
        "explosives": {
            "allocated": 2,
            "used": 0,
            "efficiency": 0.0
        },
        "ammo": {
            "allocated": 3,
            "used": 1,
            "efficiency": 0.3333333333333333
        },
        "radiation_suits": {
            "allocated": 2,
            "used": 2,
            "efficiency": 1.0
        }
    },
    "proxy_metrics": {
        "nodes": {
            "seismic_activity": {
                "mean": 0.3005266751255719,
                "std": 0.23789419328727507
            },
            "radiation_readings": {
                "mean": 0.47860485864211716,
                "std": 0.3199055910408237
            },
            "population_density": {
                "mean": 0.2470255229113216,
                "std": 0.1619360838496136
            },
            "emergency_calls": {
                "mean": 0.731111182922952,
                "std": 0.32550624360452585
            },
            "thermal_readings": {
                "mean": 0.4023807271807734,
                "std": 0.13511142462003747
            },
            "signal_strength": {
                "mean": 0.6369419272457164,
                "std": 0.2263088929496604
            },
            "structural_integrity": {
                "mean": 0.6977079770743383,
                "std": 0.2334383560552044
            }
        },
        "edges": {
            "structural_damage": {
                "mean": 0.48063387250980927,
                "std": 0.3370083310460929
            },
            "signal_interference": {
                "mean": 0.37559933076447205,
                "std": 0.22449217450343956
            },
            "movement_sightings": {
                "mean": 0.4614815256834449,
                "std": 0.17593365391759572
            },
            "debris_density": {
                "mean": 0.49324277598459476,
                "std": 0.287249230577363
            },
            "hazard_gradient": {
                "mean": 0.22812766163760456,
                "std": 0.13506715769585287
            }
        }
    }
}