{
    "metadata": {
        "policy_name": "EvacuationPolicy",
        "experiment_id": "20250305_0953",
        "city_size": 47,
        "run_id": 8
    },
    "performance": {
        "success": true,
        "time_taken": 63.44688328358476,
        "path_length": 20.265189566253646
    },
    "resource_details": {
        "explosives": {
            "allocated": 3,
            "used": 0,
            "efficiency": 0.0
        },
        "ammo": {
            "allocated": 3,
            "used": 3,
            "efficiency": 1.0
        },
        "radiation_suits": {
            "allocated": 2,
            "used": 1,
            "efficiency": 0.5
        }
    },
    "proxy_metrics": {
        "nodes": {
            "seismic_activity": {
                "mean": 0.32203415699625465,
                "std": 0.2292308633995576
            },
            "radiation_readings": {
                "mean": 0.3186460642038309,
                "std": 0.30071604042877054
            },
            "population_density": {
                "mean": 0.1452420611327277,
                "std": 0.14426296347108755
            },
            "emergency_calls": {
                "mean": 0.6852919904206386,
                "std": 0.3274108733961067
            },
            "thermal_readings": {
                "mean": 0.31139495829545594,
                "std": 0.16177062492979194
            },
            "signal_strength": {
                "mean": 0.700471416111186,
                "std": 0.1828555558103591
            },
            "structural_integrity": {
                "mean": 0.7088515591497612,
                "std": 0.22544494226155298
            }
        },
        "edges": {
            "structural_damage": {
                "mean": 0.4367788060038087,
                "std": 0.33301899646283284
            },
            "signal_interference": {
                "mean": 0.27553216382852863,
                "std": 0.20567552811566586
            },
            "movement_sightings": {
                "mean": 0.4788179112862798,
                "std": 0.21954648380870642
            },
            "debris_density": {
                "mean": 0.46250032353965626,
                "std": 0.29211542262032975
            },
            "hazard_gradient": {
                "mean": 0.18386831915267718,
                "std": 0.1323836004023777
            }
        }
    }
}