{
    "overall": {
        "nodes": {
            "seismic_activity": 0.38225999773588,
            "radiation_readings": 0.41693975725400206,
            "population_density": 0.20840297644641964,
            "emergency_calls": 0.7473940606205856,
            "thermal_readings": 0.38452147892561495,
            "signal_strength": 0.6129928292554574,
            "structural_integrity": 0.6222072605673978
        },
        "edges": {
            "structural_damage": 0.4611699583415456,
            "signal_interference": 0.3460178609449788,
            "movement_sightings": 0.49820632170411694,
            "debris_density": 0.46308461244361265,
            "hazard_gradient": 0.21956633211311605
        }
    },
    "by_city_size": {
        "50": {
            "nodes": {
                "seismic_activity": 0.43463359498835885,
                "radiation_readings": 0.40326810571789556,
                "population_density": 0.23555881654613384,
                "emergency_calls": 0.7378275488363983,
                "thermal_readings": 0.3751083257841013,
                "signal_strength": 0.596687357714135,
                "structural_integrity": 0.5768155156604554
            },
            "edges": {
                "structural_damage": 0.5041494144213116,
                "signal_interference": 0.3680807169111382,
                "movement_sightings": 0.5389082371391379,
                "debris_density": 0.507790722777173,
                "hazard_gradient": 0.23928830097351306
            }
        },
        "46": {
            "nodes": {
                "seismic_activity": 0.3911316736709767,
                "radiation_readings": 0.42822289018786974,
                "population_density": 0.22867003480946993,
                "emergency_calls": 0.7547510459686062,
                "thermal_readings": 0.4031036721957704,
                "signal_strength": 0.5880841627646297,
                "structural_integrity": 0.6218175599690864
            },
            "edges": {
                "structural_damage": 0.4539682108754044,
                "signal_interference": 0.37975080210885775,
                "movement_sightings": 0.4740421238690082,
                "debris_density": 0.458197846219922,
                "hazard_gradient": 0.2301920944919853
            }
        },
        "42": {
            "nodes": {
                "seismic_activity": 0.17243255820728484,
                "radiation_readings": 0.3648516663855589,
                "population_density": 0.12279458166774573,
                "emergency_calls": 0.605652862424325,
                "thermal_readings": 0.3113086170311718,
                "signal_strength": 0.7787090275305084,
                "structural_integrity": 0.8406239635282472
            },
            "edges": {
                "structural_damage": 0.29730850176181034,
                "signal_interference": 0.2774431725807615,
                "movement_sightings": 0.38293788726349554,
                "debris_density": 0.30622804240853835,
                "hazard_gradient": 0.1906025857406514
            }
        },
        "20": {
            "nodes": {
                "seismic_activity": 0.3202737343184582,
                "radiation_readings": 0.5010524774221594,
                "population_density": 0.3078180267360749,
                "emergency_calls": 0.8613426358132751,
                "thermal_readings": 0.4775984905350417,
                "signal_strength": 0.609027443996219,
                "structural_integrity": 0.6786025040889178
            },
            "edges": {
                "structural_damage": 0.39463563944595303,
                "signal_interference": 0.35828690582946093,
                "movement_sightings": 0.6132014178083505,
                "debris_density": 0.4136318967866356,
                "hazard_gradient": 0.2502487097302066
            }
        },
        "25": {
            "nodes": {
                "seismic_activity": 0.4742064256576129,
                "radiation_readings": 0.3591012410330211,
                "population_density": 0.31550705639993987,
                "emergency_calls": 0.7212404028774693,
                "thermal_readings": 0.5179655133103263,
                "signal_strength": 0.584744381033618,
                "structural_integrity": 0.5322149585018775
            },
            "edges": {
                "structural_damage": 0.5412372176226425,
                "signal_interference": 0.2894027777353729,
                "movement_sightings": 0.5563332601571928,
                "debris_density": 0.524397189902596,
                "hazard_gradient": 0.2024993573308353
            }
        },
        "31": {
            "nodes": {
                "seismic_activity": 0.5188681138148833,
                "radiation_readings": 0.4280769083491048,
                "population_density": 0.1164494409461529,
                "emergency_calls": 0.7344514328156739,
                "thermal_readings": 0.3187380132930434,
                "signal_strength": 0.5129045792000398,
                "structural_integrity": 0.481186906775902
            },
            "edges": {
                "structural_damage": 0.5977086208678752,
                "signal_interference": 0.38710412468493083,
                "movement_sightings": 0.3655527216164841,
                "debris_density": 0.5887094496700775,
                "hazard_gradient": 0.19833774894055298
            }
        },
        "43": {
            "nodes": {
                "seismic_activity": 0.31191483721153823,
                "radiation_readings": 0.39717876182257195,
                "population_density": 0.20383133790182162,
                "emergency_calls": 0.7201228560046721,
                "thermal_readings": 0.37124899185074334,
                "signal_strength": 0.6755894682035024,
                "structural_integrity": 0.6949417745792402
            },
            "edges": {
                "structural_damage": 0.39115465073256034,
                "signal_interference": 0.31940314686989046,
                "movement_sightings": 0.5373391953892658,
                "debris_density": 0.39214136242890263,
                "hazard_gradient": 0.21736918006130126
            }
        },
        "29": {
            "nodes": {
                "seismic_activity": 0.368356088463266,
                "radiation_readings": 0.46238985145016287,
                "population_density": 0.2331196906088833,
                "emergency_calls": 0.8839775326450897,
                "thermal_readings": 0.38015616011216385,
                "signal_strength": 0.5956878247083787,
                "structural_integrity": 0.61974074121511
            },
            "edges": {
                "structural_damage": 0.4426740560874632,
                "signal_interference": 0.37419969117455376,
                "movement_sightings": 0.6108564567924843,
                "debris_density": 0.4588988021433018,
                "hazard_gradient": 0.25141841486026023
            }
        }
    },
    "correlations": {
        "nodes": {
            "seismic_activity": 0.0,
            "radiation_readings": 0.0,
            "population_density": 0.0,
            "emergency_calls": 0.0,
            "thermal_readings": 0.0,
            "signal_strength": 0.0,
            "structural_integrity": 0.0
        },
        "edges": {
            "structural_damage": 0.0,
            "signal_interference": 0.0,
            "movement_sightings": 0.0,
            "debris_density": 0.0,
            "hazard_gradient": 0.0
        }
    }
}