{
    "metadata": {
        "policy_name": "EvacuationPolicy",
        "experiment_id": "20250304_1559",
        "city_size": 22,
        "run_id": 47
    },
    "performance": {
        "success": false,
        "time_taken": 0.0,
        "path_length": 0
    },
    "resource_details": {
        "explosives": {
            "allocated": 5,
            "used": 5,
            "efficiency": 1.0
        },
        "ammo": {
            "allocated": 0,
            "used": 0,
            "efficiency": 0
        },
        "radiation_suits": {
            "allocated": 3,
            "used": 3,
            "efficiency": 1.0
        }
    },
    "proxy_metrics": {
        "nodes": {
            "seismic_activity": {
                "mean": 0.5139146640849388,
                "std": 0.23830856659100677
            },
            "radiation_readings": {
                "mean": 0.4226782925453611,
                "std": 0.27031921154386535
            },
            "population_density": {
                "mean": 0.2300574877417902,
                "std": 0.10162535196050568
            },
            "emergency_calls": {
                "mean": 0.790185203451675,
                "std": 0.23807945085669174
            },
            "thermal_readings": {
                "mean": 0.4140879443786036,
                "std": 0.12526737192985746
            },
            "signal_strength": {
                "mean": 0.5344829987872385,
                "std": 0.18489367113802396
            },
            "structural_integrity": {
                "mean": 0.4650033884142984,
                "std": 0.23136561229465188
            }
        },
        "edges": {
            "structural_damage": {
                "mean": 0.651925511778749,
                "std": 0.31844085739494604
            },
            "signal_interference": {
                "mean": 0.37950413412067635,
                "std": 0.1971058434189167
            },
            "movement_sightings": {
                "mean": 0.5183336058979753,
                "std": 0.17353236881404419
            },
            "debris_density": {
                "mean": 0.6542088601040313,
                "std": 0.25537181844821316
            },
            "hazard_gradient": {
                "mean": 0.22807968416353075,
                "std": 0.11737007947895711
            }
        }
    }
}