{
    "metadata": {
        "policy_name": "EvacuationPolicy",
        "experiment_id": "20250305_1319",
        "city_size": 41,
        "run_id": 67
    },
    "performance": {
        "success": false,
        "time_taken": 48.20355860174048,
        "path_length": 17.96534105043156
    },
    "resource_details": {
        "explosives": {
            "allocated": 2,
            "used": 2,
            "efficiency": 1.0
        },
        "ammo": {
            "allocated": 2,
            "used": 2,
            "efficiency": 1.0
        },
        "radiation_suits": {
            "allocated": 5,
            "used": 5,
            "efficiency": 1.0
        }
    },
    "proxy_metrics": {
        "nodes": {
            "seismic_activity": {
                "mean": 0.5325392498350257,
                "std": 0.24405617909885116
            },
            "radiation_readings": {
                "mean": 0.41820693550423865,
                "std": 0.28533169907674133
            },
            "population_density": {
                "mean": 0.2526583812341725,
                "std": 0.11875528717716098
            },
            "emergency_calls": {
                "mean": 0.7693406994166616,
                "std": 0.23783595820319392
            },
            "thermal_readings": {
                "mean": 0.4012083434583635,
                "std": 0.1465277359519264
            },
            "signal_strength": {
                "mean": 0.5253679139610264,
                "std": 0.1976556953879407
            },
            "structural_integrity": {
                "mean": 0.48049731594531714,
                "std": 0.2677794471732473
            }
        },
        "edges": {
            "structural_damage": {
                "mean": 0.6313939871743126,
                "std": 0.35448800578852374
            },
            "signal_interference": {
                "mean": 0.3870508799561318,
                "std": 0.21331050049324982
            },
            "movement_sightings": {
                "mean": 0.5088015735316236,
                "std": 0.1948662657923609
            },
            "debris_density": {
                "mean": 0.6189905600393779,
                "std": 0.2877491293511786
            },
            "hazard_gradient": {
                "mean": 0.21558483639332926,
                "std": 0.12663334586174818
            }
        }
    }
}