{
    "metadata": {
        "policy_name": "EvacuationPolicy",
        "experiment_id": "20250305_1319",
        "city_size": 46,
        "run_id": 5
    },
    "performance": {
        "success": false,
        "time_taken": 159.50561345716292,
        "path_length": 77.1670415395228
    },
    "resource_details": {
        "explosives": {
            "allocated": 1,
            "used": 1,
            "efficiency": 1.0
        },
        "ammo": {
            "allocated": 1,
            "used": 1,
            "efficiency": 1.0
        },
        "radiation_suits": {
            "allocated": 3,
            "used": 3,
            "efficiency": 1.0
        }
    },
    "proxy_metrics": {
        "nodes": {
            "seismic_activity": {
                "mean": 0.42870565559225754,
                "std": 0.32276616841554867
            },
            "radiation_readings": {
                "mean": 0.379526481066535,
                "std": 0.2994515889351529
            },
            "population_density": {
                "mean": 0.15619971442455693,
                "std": 0.12425322979087702
            },
            "emergency_calls": {
                "mean": 0.6744593169619918,
                "std": 0.34137272944565067
            },
            "thermal_readings": {
                "mean": 0.2895314940723249,
                "std": 0.15921260044231855
            },
            "signal_strength": {
                "mean": 0.6036415728852944,
                "std": 0.28117078281137975
            },
            "structural_integrity": {
                "mean": 0.5743679528599581,
                "std": 0.31916080568669464
            }
        },
        "edges": {
            "structural_damage": {
                "mean": 0.4875571608788739,
                "std": 0.36437805051312844
            },
            "signal_interference": {
                "mean": 0.33768309540376007,
                "std": 0.2432783139062049
            },
            "movement_sightings": {
                "mean": 0.45722933158958784,
                "std": 0.20195052568446728
            },
            "debris_density": {
                "mean": 0.48814803964822834,
                "std": 0.32300460187462465
            },
            "hazard_gradient": {
                "mean": 0.21032044554650317,
                "std": 0.13811965867704235
            }
        }
    }
}