{
    "metadata": {
        "policy_name": "EvacuationPolicy",
        "experiment_id": "20250305_1319",
        "city_size": 28,
        "run_id": 73
    },
    "performance": {
        "success": false,
        "time_taken": 0.0,
        "path_length": 0
    },
    "resource_details": {
        "explosives": {
            "allocated": 4,
            "used": 4,
            "efficiency": 1.0
        },
        "ammo": {
            "allocated": 4,
            "used": 4,
            "efficiency": 1.0
        },
        "radiation_suits": {
            "allocated": 4,
            "used": 4,
            "efficiency": 1.0
        }
    },
    "proxy_metrics": {
        "nodes": {
            "seismic_activity": {
                "mean": 0.3561981986335801,
                "std": 0.239987552418736
            },
            "radiation_readings": {
                "mean": 0.27700292929747283,
                "std": 0.31175117579661143
            },
            "population_density": {
                "mean": 0.2784836929064239,
                "std": 0.21129400600814804
            },
            "emergency_calls": {
                "mean": 0.683924392581558,
                "std": 0.3358647589012462
            },
            "thermal_readings": {
                "mean": 0.47537756974879747,
                "std": 0.17461007833880818
            },
            "signal_strength": {
                "mean": 0.6811940942617697,
                "std": 0.26326720734020387
            },
            "structural_integrity": {
                "mean": 0.6439558193784441,
                "std": 0.23031976078553681
            }
        },
        "edges": {
            "structural_damage": {
                "mean": 0.48140517781001946,
                "std": 0.3112165528323562
            },
            "signal_interference": {
                "mean": 0.26659779708494175,
                "std": 0.2536524921461162
            },
            "movement_sightings": {
                "mean": 0.5335304421066397,
                "std": 0.23186503994829763
            },
            "debris_density": {
                "mean": 0.4634903634021175,
                "std": 0.2542619542824177
            },
            "hazard_gradient": {
                "mean": 0.20779551997034443,
                "std": 0.16562580389949227
            }
        }
    }
}