{
    "metadata": {
        "policy_name": "EvacuationPolicy",
        "experiment_id": "20250304_2222",
        "city_size": 33,
        "run_id": 65
    },
    "performance": {
        "success": false,
        "time_taken": 469.46868982339464,
        "path_length": 83.95418008308857
    },
    "resource_details": {
        "explosives": {
            "allocated": 4,
            "used": 2,
            "efficiency": 0.5
        },
        "ammo": {
            "allocated": 4,
            "used": 2,
            "efficiency": 0.5
        },
        "radiation_suits": {
            "allocated": 4,
            "used": 4,
            "efficiency": 1.0
        }
    },
    "proxy_metrics": {
        "nodes": {
            "seismic_activity": {
                "mean": 0.27645265252085405,
                "std": 0.24450853928070887
            },
            "radiation_readings": {
                "mean": 0.5148386454660869,
                "std": 0.25486936967814494
            },
            "population_density": {
                "mean": 0.1753256838244424,
                "std": 0.11309037204080495
            },
            "emergency_calls": {
                "mean": 0.8080911872417833,
                "std": 0.21005800879376177
            },
            "thermal_readings": {
                "mean": 0.3178478653719271,
                "std": 0.16288718031984464
            },
            "signal_strength": {
                "mean": 0.6396690533320157,
                "std": 0.1528910142629293
            },
            "structural_integrity": {
                "mean": 0.7255737450210618,
                "std": 0.22997229033186797
            }
        },
        "edges": {
            "structural_damage": {
                "mean": 0.36846642901540416,
                "std": 0.3701151783141968
            },
            "signal_interference": {
                "mean": 0.38824578038687313,
                "std": 0.18971531947918144
            },
            "movement_sightings": {
                "mean": 0.470721609877085,
                "std": 0.16559944131183188
            },
            "debris_density": {
                "mean": 0.4096918998657844,
                "std": 0.32693539626750157
            },
            "hazard_gradient": {
                "mean": 0.22451528409773888,
                "std": 0.14303065090536318
            }
        }
    }
}