{
    "metadata": {
        "policy_name": "EvacuationPolicy",
        "experiment_id": "20250305_0950",
        "city_size": 50,
        "run_id": 69
    },
    "performance": {
        "success": false,
        "time_taken": 0.0,
        "path_length": 0
    },
    "resource_details": {
        "explosives": {
            "allocated": 0,
            "used": 0,
            "efficiency": 0
        },
        "ammo": {
            "allocated": 0,
            "used": 0,
            "efficiency": 0
        },
        "radiation_suits": {
            "allocated": 1,
            "used": 1,
            "efficiency": 1.0
        }
    },
    "proxy_metrics": {
        "nodes": {
            "seismic_activity": {
                "mean": 0.23295857866719452,
                "std": 0.20676833454626517
            },
            "radiation_readings": {
                "mean": 0.3293081448545423,
                "std": 0.3179950936562017
            },
            "population_density": {
                "mean": 0.19985089179345294,
                "std": 0.150231232656154
            },
            "emergency_calls": {
                "mean": 0.7050781105448471,
                "std": 0.32592910099256456
            },
            "thermal_readings": {
                "mean": 0.37457166897775424,
                "std": 0.16083968463303097
            },
            "signal_strength": {
                "mean": 0.750690157313871,
                "std": 0.1386475033485436
            },
            "structural_integrity": {
                "mean": 0.7802909552748809,
                "std": 0.19778615159440893
            }
        },
        "edges": {
            "structural_damage": {
                "mean": 0.3364238107691048,
                "std": 0.330106588330352
            },
            "signal_interference": {
                "mean": 0.2648506870913947,
                "std": 0.19721958233025408
            },
            "movement_sightings": {
                "mean": 0.45785562794379525,
                "std": 0.2515265249091244
            },
            "debris_density": {
                "mean": 0.35226748477176245,
                "std": 0.2868426718253504
            },
            "hazard_gradient": {
                "mean": 0.17700585687430126,
                "std": 0.12175365134427596
            }
        }
    }
}